Selected,Term,NoEmp,CreateJob,RetainedJob,UrbanRural,ChgOffPrinGr,GrAppv,SBA_Appv,New,RealEstate,Portion,Recession,label
1.0,240.0,65.0,3.0,65.0,urban,0.0,343000.0,343000.0,0.0,1.0,1.0,0.0,0.0
0.0,269.0,2.0,0.0,2.0,urban,247074.0,297500.0,223125.0,0.0,1.0,0.75,0.0,1.0
0.0,84.0,1.0,2.0,1.0,rural,0.0,30000.0,15000.0,1.0,0.0,0.5,0.0,0.0
1.0,76.0,2.0,0.0,2.0,rural,29700.0,30000.0,15000.0,1.0,0.0,0.5,0.0,1.0
1.0,60.0,13.0,7.0,20.0,urban,0.0,25000.0,12500.0,1.0,0.0,0.5,0.0,0.0
1.0,240.0,13.0,8.0,0.0,urban,0.0,79000.0,79000.0,0.0,1.0,1.0,0.0,0.0
0.0,240.0,13.0,8.0,0.0,urban,0.0,249000.0,249000.0,0.0,1.0,1.0,0.0,0.0
1.0,84.0,3.0,0.0,3.0,rural,0.0,30000.0,15000.0,1.0,0.0,0.5,0.0,0.0
0.0,240.0,13.0,6.0,13.0,rural,0.0,229000.0,229000.0,0.0,1.0,1.0,0.0,0.0
1.0,39.0,3.0,1.0,4.0,urban,40000.0,40000.0,20000.0,0.0,0.0,0.5,0.0,1.0
0.0,240.0,345.0,20.0,0.0,urban,0.0,568000.0,568000.0,0.0,1.0,1.0,0.0,0.0
0.0,240.0,6.0,5.0,0.0,urban,0.0,557000.0,557000.0,0.0,1.0,1.0,0.0,0.0
0.0,268.0,5.0,3.0,8.0,urban,230645.0,394200.0,295650.0,0.0,1.0,0.75,0.0,1.0
0.0,240.0,34.0,6.0,34.0,urban,0.0,914000.0,914000.0,0.0,1.0,1.0,0.0,0.0
1.0,41.0,1.0,1.0,1.0,urban,29638.0,30000.0,15000.0,0.0,0.0,0.5,0.0,1.0
0.0,73.0,31.0,69.0,31.0,urban,0.0,150000.0,75000.0,0.0,0.0,0.5,0.0,0.0
1.0,54.0,3.0,2.0,3.0,rural,28987.0,30000.0,15000.0,0.0,0.0,0.5,0.0,1.0
1.0,240.0,20.0,3.0,0.0,urban,0.0,105000.0,105000.0,0.0,1.0,1.0,0.0,0.0
1.0,120.0,6.0,0.0,6.0,urban,0.0,825000.0,618750.0,0.0,0.0,0.75,0.0,0.0
0.0,7.0,1.0,0.0,1.0,urban,43770.0,45000.0,22500.0,0.0,0.0,0.5,0.0,1.0
1.0,39.0,1.0,0.0,1.0,urban,23950.0,24000.0,12000.0,1.0,0.0,0.5,1.0,1.0
0.0,84.0,1.0,0.0,1.0,urban,0.0,50000.0,25000.0,0.0,0.0,0.5,0.0,0.0
0.0,84.0,1.0,0.0,1.0,urban,0.0,100000.0,50000.0,0.0,0.0,0.5,0.0,0.0
0.0,84.0,1.0,3.0,1.0,urban,0.0,50000.0,25000.0,0.0,0.0,0.5,0.0,0.0
0.0,84.0,5.0,0.0,5.0,rural,0.0,50000.0,25000.0,0.0,0.0,0.5,0.0,0.0
0.0,84.0,5.0,2.0,5.0,rural,0.0,30000.0,15000.0,0.0,0.0,0.5,0.0,0.0
1.0,44.0,1.0,6.0,1.0,urban,70294.0,100000.0,50000.0,0.0,0.0,0.5,0.0,1.0
0.0,56.0,3.0,2.0,3.0,urban,70525.0,74300.0,37150.0,0.0,0.0,0.5,0.0,1.0
1.0,84.0,2.0,0.0,2.0,urban,0.0,25000.0,12500.0,0.0,0.0,0.5,0.0,0.0
0.0,43.0,9.0,0.0,9.0,urban,19119.0,20000.0,10000.0,0.0,0.0,0.5,0.0,1.0
0.0,84.0,1.0,1.0,2.0,urban,0.0,10000.0,5000.0,1.0,0.0,0.5,0.0,0.0
1.0,38.0,3.0,0.0,3.0,urban,29219.0,30000.0,15000.0,0.0,0.0,0.5,0.0,1.0
0.0,58.0,5.0,0.0,5.0,urban,34164.0,35000.0,17500.0,0.0,0.0,0.5,0.0,1.0
0.0,40.0,2.0,2.0,2.0,urban,61731.0,100000.0,50000.0,0.0,0.0,0.5,1.0,1.0
1.0,8.0,4.0,0.0,4.0,urban,14193.0,50000.0,25000.0,0.0,0.0,0.5,0.0,1.0
0.0,60.0,7.0,1.0,7.0,urban,0.0,40000.0,20000.0,0.0,0.0,0.5,0.0,0.0
0.0,57.0,13.0,0.0,13.0,urban,39369.0,40000.0,20000.0,1.0,0.0,0.5,0.0,1.0
0.0,51.0,10.0,1.0,10.0,urban,50000.0,50000.0,25000.0,0.0,0.0,0.5,0.0,1.0
0.0,84.0,5.0,1.0,6.0,urban,0.0,25000.0,12500.0,0.0,0.0,0.5,0.0,0.0
1.0,20.0,12.0,3.0,12.0,urban,20886.0,35000.0,17500.0,0.0,0.0,0.5,0.0,1.0
1.0,55.0,2.0,0.0,2.0,urban,12317.0,12700.0,6350.0,1.0,0.0,0.5,0.0,1.0
1.0,55.0,1.0,2.0,1.0,urban,20635.0,25000.0,12500.0,0.0,0.0,0.5,0.0,1.0
1.0,84.0,2.0,0.0,2.0,urban,0.0,50000.0,25000.0,1.0,0.0,0.5,0.0,0.0
1.0,240.0,13.0,3.0,0.0,urban,0.0,669000.0,669000.0,0.0,1.0,1.0,0.0,0.0
0.0,48.0,1.0,1.0,2.0,urban,29997.0,30000.0,15000.0,0.0,0.0,0.5,0.0,1.0
1.0,84.0,3.0,0.0,3.0,urban,0.0,25800.0,12900.0,0.0,0.0,0.5,0.0,0.0
1.0,53.0,2.0,2.0,2.0,urban,15098.0,35000.0,17500.0,1.0,0.0,0.5,0.0,1.0
0.0,300.0,4.0,4.0,8.0,urban,0.0,952000.0,714000.0,0.0,1.0,0.75,0.0,0.0
0.0,46.0,5.0,0.0,5.0,urban,49000.0,50000.0,25000.0,0.0,0.0,0.5,0.0,1.0
0.0,62.0,2.0,1.0,2.0,urban,10500.0,10500.0,5250.0,0.0,0.0,0.5,0.0,1.0
0.0,84.0,3.0,0.0,3.0,urban,0.0,50000.0,25000.0,1.0,0.0,0.5,0.0,0.0
0.0,43.0,2.0,1.0,2.0,urban,49500.0,50000.0,25000.0,0.0,0.0,0.5,0.0,1.0
0.0,84.0,1.0,0.0,1.0,urban,0.0,65000.0,32500.0,1.0,0.0,0.5,0.0,0.0
0.0,49.0,1.0,0.0,1.0,urban,6030.0,7000.0,3500.0,1.0,0.0,0.5,0.0,1.0
0.0,52.0,1.0,0.0,1.0,urban,9867.0,10000.0,5000.0,1.0,0.0,0.5,0.0,1.0
0.0,84.0,4.0,1.0,4.0,urban,0.0,15000.0,7500.0,0.0,0.0,0.5,0.0,0.0
1.0,47.0,1.0,0.0,1.0,urban,17840.0,25000.0,12500.0,0.0,0.0,0.5,0.0,1.0
0.0,46.0,7.0,0.0,7.0,urban,40977.0,50000.0,25000.0,0.0,0.0,0.5,0.0,1.0
0.0,59.0,1.0,2.0,1.0,urban,44467.0,50000.0,25000.0,0.0,0.0,0.5,0.0,1.0
0.0,53.0,3.0,0.0,3.0,urban,24400.0,25000.0,12500.0,0.0,0.0,0.5,0.0,1.0
1.0,240.0,34.0,5.0,0.0,urban,0.0,905000.0,905000.0,0.0,1.0,1.0,0.0,0.0
0.0,84.0,2.0,2.0,2.0,urban,0.0,50000.0,25000.0,0.0,0.0,0.5,0.0,0.0
0.0,54.0,4.0,1.0,4.0,urban,50000.0,50000.0,25000.0,0.0,0.0,0.5,0.0,1.0
1.0,72.0,4.0,0.0,4.0,urban,19800.0,20000.0,10000.0,1.0,0.0,0.5,0.0,1.0
0.0,64.0,2.0,0.0,2.0,urban,9935.0,10000.0,5000.0,1.0,0.0,0.5,0.0,1.0
0.0,55.0,4.0,0.0,4.0,urban,9350.0,10000.0,5000.0,1.0,0.0,0.5,0.0,0.0
0.0,50.0,3.0,2.0,3.0,urban,40250.0,40500.0,20250.0,1.0,0.0,0.5,0.0,1.0
1.0,21.0,1.0,0.0,1.0,urban,31469.0,50000.0,25000.0,0.0,0.0,0.5,1.0,1.0
1.0,50.0,2.0,1.0,3.0,urban,9477.0,10000.0,5000.0,0.0,0.0,0.5,0.0,1.0
0.0,84.0,1.0,0.0,1.0,urban,0.0,25000.0,12500.0,0.0,0.0,0.5,0.0,0.0
0.0,84.0,1.0,0.0,1.0,urban,0.0,10000.0,5000.0,1.0,0.0,0.5,0.0,0.0
0.0,58.0,5.0,1.0,5.0,urban,20198.0,25000.0,21250.0,1.0,0.0,0.85,0.0,1.0
1.0,59.0,5.0,0.0,5.0,urban,49995.0,50000.0,25000.0,1.0,0.0,0.5,0.0,1.0
1.0,37.0,30.0,2.0,30.0,urban,14733.0,25000.0,12500.0,1.0,0.0,0.5,1.0,1.0
0.0,61.0,1.0,0.0,1.0,urban,39444.0,41000.0,20500.0,1.0,0.0,0.5,0.0,1.0
0.0,65.0,2.0,3.0,2.0,urban,23373.0,25000.0,12500.0,0.0,0.0,0.5,0.0,1.0
1.0,84.0,1.0,3.0,1.0,urban,0.0,100000.0,50000.0,0.0,0.0,0.5,0.0,0.0
0.0,42.0,13.0,1.0,13.0,urban,44950.0,45000.0,22500.0,0.0,0.0,0.5,0.0,1.0
0.0,84.0,2.0,0.0,2.0,urban,0.0,50000.0,25000.0,0.0,0.0,0.5,0.0,0.0
1.0,32.0,2.0,0.0,2.0,urban,1963.0,36000.0,18000.0,1.0,0.0,0.5,1.0,1.0
1.0,24.0,5.0,2.0,5.0,urban,42580.0,50000.0,25000.0,0.0,0.0,0.5,1.0,1.0
1.0,23.0,3.0,0.0,3.0,urban,9210.0,20000.0,10000.0,0.0,0.0,0.5,1.0,1.0
1.0,61.0,1.0,0.0,1.0,urban,42170.0,50000.0,25000.0,0.0,0.0,0.5,0.0,1.0
1.0,240.0,19.0,6.0,19.0,urban,0.0,1117000.0,1117000.0,0.0,1.0,1.0,0.0,0.0
0.0,36.0,1.0,0.0,1.0,urban,8704.0,10000.0,5000.0,0.0,0.0,0.5,1.0,1.0
1.0,61.0,1.0,0.0,1.0,urban,10000.0,10000.0,5000.0,0.0,0.0,0.5,0.0,1.0
1.0,60.0,4.0,1.0,4.0,urban,85306.0,100000.0,50000.0,1.0,0.0,0.5,0.0,1.0
0.0,283.0,24.0,21.0,3.0,urban,527577.0,1067000.0,800250.0,0.0,1.0,0.75,0.0,1.0
1.0,56.0,4.0,0.0,4.0,rural,27308.0,30000.0,15000.0,0.0,0.0,0.5,0.0,1.0
0.0,29.0,31.0,6.0,31.0,urban,49091.0,50000.0,25000.0,0.0,0.0,0.5,1.0,1.0
0.0,84.0,3.0,0.0,3.0,urban,0.0,50000.0,25000.0,0.0,0.0,0.5,0.0,0.0
0.0,84.0,2.0,0.0,2.0,urban,0.0,50000.0,25000.0,1.0,0.0,0.5,0.0,0.0
0.0,84.0,2.0,1.0,3.0,urban,0.0,30000.0,15000.0,0.0,0.0,0.5,0.0,0.0
0.0,84.0,1.0,1.0,2.0,urban,0.0,49000.0,24500.0,0.0,0.0,0.5,0.0,0.0
0.0,24.0,2.0,0.0,2.0,urban,0.0,200000.0,100000.0,0.0,0.0,0.5,1.0,0.0
0.0,71.0,1.0,0.0,1.0,urban,10000.0,10000.0,5000.0,0.0,0.0,0.5,0.0,1.0
0.0,64.0,5.0,3.0,5.0,urban,23403.0,25000.0,12500.0,0.0,0.0,0.5,0.0,1.0
0.0,35.0,1.0,0.0,1.0,urban,4476.0,10000.0,5000.0,0.0,0.0,0.5,1.0,1.0
1.0,55.0,7.0,3.0,7.0,urban,99318.0,100000.0,50000.0,0.0,0.0,0.5,0.0,1.0
0.0,84.0,1.0,0.0,1.0,urban,0.0,63000.0,31500.0,1.0,0.0,0.5,0.0,0.0
1.0,48.0,3.0,0.0,3.0,urban,9900.0,10000.0,5000.0,0.0,0.0,0.5,0.0,1.0
1.0,84.0,1.0,0.0,1.0,urban,0.0,45000.0,22500.0,0.0,0.0,0.5,0.0,0.0
1.0,61.0,38.0,0.0,38.0,urban,40704.0,50000.0,25000.0,0.0,0.0,0.5,0.0,1.0
0.0,5.0,1.0,0.0,1.0,urban,1580.0,10000.0,5000.0,1.0,0.0,0.5,0.0,0.0
1.0,9.0,4.0,2.0,4.0,urban,8471.0,25000.0,21250.0,0.0,0.0,0.85,0.0,1.0
0.0,22.0,1.0,0.0,1.0,urban,5491.0,15000.0,7500.0,0.0,0.0,0.5,1.0,1.0
1.0,84.0,1.0,0.0,1.0,urban,0.0,25000.0,12500.0,0.0,0.0,0.5,0.0,0.0
0.0,52.0,1.0,0.0,1.0,urban,27275.0,30000.0,15000.0,1.0,0.0,0.5,0.0,1.0
1.0,300.0,8.0,4.0,4.0,urban,0.0,990000.0,742500.0,0.0,1.0,0.75,0.0,0.0
0.0,68.0,3.0,0.0,3.0,urban,24229.0,25000.0,12500.0,0.0,0.0,0.5,0.0,1.0
1.0,84.0,1.0,1.0,1.0,urban,0.0,25000.0,12500.0,0.0,0.0,0.5,0.0,0.0
0.0,120.0,15.0,0.0,15.0,urban,0.0,1525000.0,1143750.0,0.0,0.0,0.75,0.0,0.0
0.0,84.0,2.0,1.0,2.0,rural,0.0,50000.0,42500.0,0.0,0.0,0.85,0.0,0.0
0.0,120.0,3.0,2.0,5.0,urban,0.0,278400.0,208800.0,1.0,0.0,0.75,0.0,0.0
1.0,35.0,4.0,0.0,4.0,urban,6651.0,10000.0,5000.0,0.0,0.0,0.5,1.0,1.0
1.0,84.0,2.0,0.0,2.0,rural,0.0,10000.0,5000.0,1.0,0.0,0.5,0.0,0.0
0.0,50.0,5.0,1.0,5.0,urban,94880.0,100000.0,50000.0,0.0,0.0,0.5,0.0,1.0
1.0,84.0,3.0,0.0,3.0,urban,0.0,62000.0,31000.0,1.0,0.0,0.5,0.0,0.0
0.0,120.0,150.0,0.0,0.0,rural,0.0,2000000.0,1500000.0,0.0,0.0,0.75,0.0,0.0
0.0,63.0,14.0,6.0,14.0,urban,46028.0,50000.0,25000.0,0.0,0.0,0.5,0.0,1.0
1.0,51.0,5.0,0.0,5.0,urban,24245.0,25000.0,12500.0,1.0,0.0,0.5,0.0,1.0
0.0,44.0,2.0,3.0,2.0,urban,22498.0,25000.0,12500.0,0.0,0.0,0.5,0.0,1.0
0.0,84.0,2.0,3.0,2.0,urban,0.0,15000.0,7500.0,0.0,0.0,0.5,0.0,0.0
0.0,45.0,4.0,0.0,4.0,urban,9578.0,10000.0,5000.0,1.0,0.0,0.5,0.0,1.0
0.0,45.0,4.0,0.0,4.0,urban,49478.0,50000.0,25000.0,0.0,0.0,0.5,0.0,1.0
0.0,84.0,8.0,3.0,11.0,urban,0.0,50000.0,25000.0,0.0,0.0,0.5,0.0,0.0
1.0,37.0,10.0,3.0,10.0,urban,100000.0,100000.0,50000.0,0.0,0.0,0.5,0.0,1.0
0.0,69.0,1.0,4.0,5.0,urban,0.0,360000.0,270000.0,1.0,0.0,0.75,0.0,0.0
1.0,32.0,1.0,4.0,5.0,urban,0.0,100000.0,85000.0,1.0,0.0,0.85,1.0,0.0
0.0,2.0,4.0,2.0,4.0,urban,39700.0,40000.0,20000.0,0.0,0.0,0.5,0.0,1.0
1.0,62.0,1.0,0.0,1.0,urban,44319.0,50000.0,25000.0,0.0,0.0,0.5,0.0,1.0
1.0,84.0,1.0,0.0,1.0,urban,0.0,30000.0,15000.0,0.0,0.0,0.5,0.0,0.0
1.0,24.0,12.0,0.0,12.0,urban,21928.0,35000.0,17500.0,0.0,0.0,0.5,1.0,1.0
0.0,58.0,2.0,1.0,2.0,urban,43847.0,50000.0,25000.0,0.0,0.0,0.5,0.0,1.0
0.0,84.0,2.0,0.0,2.0,urban,0.0,50000.0,25000.0,0.0,0.0,0.5,0.0,0.0
0.0,51.0,12.0,3.0,12.0,urban,37140.0,50000.0,25000.0,0.0,0.0,0.5,0.0,1.0
1.0,84.0,4.0,2.0,4.0,urban,0.0,25000.0,12500.0,0.0,0.0,0.5,0.0,0.0
0.0,38.0,3.0,0.0,3.0,urban,9703.0,10000.0,5000.0,0.0,0.0,0.5,0.0,1.0
0.0,50.0,2.0,0.0,2.0,urban,35000.0,35000.0,17500.0,0.0,0.0,0.5,0.0,1.0
1.0,84.0,1.0,0.0,1.0,urban,0.0,10000.0,5000.0,0.0,0.0,0.5,0.0,0.0
1.0,55.0,10.0,0.0,10.0,urban,35000.0,35000.0,17500.0,0.0,0.0,0.5,0.0,1.0
1.0,58.0,13.0,1.0,13.0,urban,99500.0,100000.0,50000.0,0.0,0.0,0.5,0.0,1.0
1.0,54.0,1.0,0.0,1.0,urban,45818.0,50000.0,25000.0,0.0,0.0,0.5,0.0,1.0
1.0,64.0,2.0,0.0,2.0,urban,30573.0,35000.0,17500.0,0.0,0.0,0.5,0.0,1.0
0.0,84.0,1.0,1.0,1.0,urban,0.0,5000.0,2500.0,0.0,0.0,0.5,0.0,0.0
1.0,84.0,1.0,0.0,1.0,urban,0.0,10000.0,5000.0,0.0,0.0,0.5,0.0,0.0
1.0,120.0,23.0,0.0,23.0,urban,0.0,1000000.0,750000.0,0.0,0.0,0.75,0.0,0.0
0.0,84.0,2.0,0.0,2.0,urban,0.0,25000.0,12500.0,0.0,0.0,0.5,0.0,0.0
0.0,84.0,2.0,0.0,2.0,urban,0.0,25000.0,12500.0,0.0,0.0,0.5,0.0,0.0
1.0,64.0,2.0,0.0,2.0,urban,10000.0,10000.0,5000.0,1.0,0.0,0.5,0.0,1.0
0.0,120.0,1.0,5.0,6.0,urban,0.0,320000.0,240000.0,1.0,0.0,0.75,0.0,0.0
0.0,59.0,2.0,1.0,3.0,urban,16557.0,20000.0,10000.0,0.0,0.0,0.5,0.0,1.0
1.0,23.0,3.0,3.0,3.0,urban,31833.0,35000.0,17500.0,0.0,0.0,0.5,1.0,1.0
0.0,84.0,6.0,10.0,6.0,urban,0.0,5000.0,2500.0,1.0,0.0,0.5,0.0,0.0
1.0,60.0,2.0,2.0,4.0,urban,0.0,28000.0,14000.0,0.0,0.0,0.5,0.0,0.0
0.0,84.0,1.0,0.0,1.0,urban,0.0,40000.0,20000.0,0.0,0.0,0.5,0.0,0.0
0.0,240.0,1.0,9.0,0.0,urban,0.0,454000.0,454000.0,0.0,1.0,1.0,0.0,0.0
0.0,65.0,1.0,2.0,1.0,urban,35000.0,35000.0,17500.0,0.0,0.0,0.5,0.0,1.0
1.0,84.0,2.0,1.0,3.0,urban,0.0,10000.0,5000.0,0.0,0.0,0.5,0.0,0.0
0.0,84.0,3.0,0.0,3.0,rural,0.0,5000.0,2500.0,1.0,0.0,0.5,0.0,0.0
0.0,84.0,1.0,0.0,1.0,urban,0.0,35000.0,17500.0,0.0,0.0,0.5,0.0,0.0
1.0,90.0,2.0,1.0,1.0,urban,0.0,125000.0,106250.0,0.0,0.0,0.85,0.0,0.0
0.0,51.0,7.0,0.0,7.0,urban,35000.0,35000.0,17500.0,0.0,0.0,0.5,0.0,1.0
1.0,42.0,13.0,0.0,13.0,urban,30588.0,35000.0,17500.0,0.0,0.0,0.5,0.0,1.0
1.0,44.0,1.0,0.0,1.0,urban,3533.0,5500.0,2750.0,1.0,0.0,0.5,0.0,1.0
0.0,240.0,35.0,10.0,0.0,urban,0.0,167000.0,167000.0,0.0,1.0,1.0,0.0,0.0
1.0,300.0,2.0,2.0,2.0,rural,0.0,76500.0,65025.0,1.0,1.0,0.85,0.0,0.0
1.0,84.0,2.0,2.0,2.0,rural,0.0,12500.0,10625.0,1.0,0.0,0.85,0.0,0.0
1.0,60.0,2.0,2.0,2.0,rural,0.0,10000.0,8500.0,1.0,0.0,0.85,0.0,0.0
0.0,240.0,9.0,2.0,0.0,urban,0.0,404000.0,404000.0,0.0,1.0,1.0,0.0,0.0
0.0,55.0,3.0,0.0,3.0,urban,35000.0,35000.0,17500.0,0.0,0.0,0.5,0.0,1.0
0.0,43.0,2.0,0.0,2.0,urban,9830.0,10000.0,5000.0,0.0,0.0,0.5,0.0,1.0
1.0,84.0,7.0,0.0,7.0,urban,0.0,15000.0,7500.0,0.0,0.0,0.5,0.0,0.0
0.0,84.0,1.0,0.0,1.0,urban,0.0,25000.0,12500.0,0.0,0.0,0.5,0.0,0.0
0.0,84.0,2.0,0.0,2.0,urban,0.0,100000.0,50000.0,0.0,0.0,0.5,0.0,0.0
0.0,60.0,1.0,0.0,1.0,urban,22998.0,23000.0,11500.0,1.0,0.0,0.5,0.0,1.0
0.0,279.0,12.0,0.0,12.0,urban,181156.0,441000.0,330750.0,0.0,1.0,0.75,0.0,1.0
0.0,60.0,10.0,2.0,10.0,urban,90000.0,100000.0,50000.0,0.0,0.0,0.5,0.0,1.0
1.0,36.0,1.0,0.0,1.0,rural,0.0,50000.0,25000.0,1.0,0.0,0.5,0.0,0.0
0.0,240.0,5.0,10.0,0.0,urban,0.0,344000.0,344000.0,0.0,1.0,1.0,0.0,0.0
0.0,56.0,1.0,0.0,1.0,urban,10000.0,10000.0,5000.0,0.0,0.0,0.5,0.0,1.0
0.0,62.0,1.0,0.0,1.0,urban,23200.0,24000.0,12000.0,0.0,0.0,0.5,0.0,1.0
0.0,61.0,15.0,0.0,15.0,urban,94561.0,100000.0,50000.0,0.0,0.0,0.5,0.0,1.0
1.0,240.0,1.0,15.0,0.0,urban,0.0,547000.0,547000.0,1.0,1.0,1.0,0.0,0.0
1.0,47.0,10.0,0.0,10.0,urban,85000.0,85000.0,42500.0,0.0,0.0,0.5,0.0,1.0
0.0,9.0,1.0,4.0,1.0,urban,20484.0,100000.0,50000.0,0.0,0.0,0.5,0.0,1.0
0.0,84.0,2.0,2.0,4.0,urban,0.0,48000.0,24000.0,0.0,0.0,0.5,0.0,0.0
0.0,70.0,2.0,0.0,2.0,urban,22353.0,30000.0,15000.0,0.0,0.0,0.5,0.0,1.0
0.0,84.0,1.0,0.0,1.0,urban,0.0,16000.0,8000.0,0.0,0.0,0.5,0.0,0.0
0.0,72.0,8.0,5.0,13.0,urban,0.0,150000.0,75000.0,1.0,0.0,0.5,0.0,0.0
0.0,84.0,3.0,1.0,4.0,urban,0.0,25000.0,12500.0,0.0,0.0,0.5,0.0,0.0
0.0,84.0,3.0,0.0,3.0,urban,0.0,20000.0,10000.0,0.0,0.0,0.5,0.0,0.0
0.0,68.0,4.0,2.0,6.0,urban,30000.0,30000.0,15000.0,1.0,0.0,0.5,0.0,1.0
0.0,84.0,11.0,0.0,11.0,urban,0.0,15000.0,7500.0,0.0,0.0,0.5,0.0,0.0
1.0,66.0,3.0,2.0,3.0,urban,71384.0,75000.0,37500.0,0.0,0.0,0.5,0.0,1.0
1.0,259.0,2.0,2.0,2.0,urban,190658.0,521538.0,391153.0,0.0,1.0,0.74999905,0.0,1.0
1.0,44.0,1.0,0.0,1.0,urban,29016.0,29600.0,14800.0,0.0,0.0,0.5,0.0,1.0
0.0,65.0,1.0,0.0,1.0,urban,14139.0,15000.0,12750.0,0.0,0.0,0.85,0.0,1.0
1.0,55.0,5.0,2.0,5.0,urban,41569.0,50000.0,25000.0,0.0,0.0,0.5,0.0,1.0
0.0,45.0,6.0,0.0,6.0,urban,49701.0,50000.0,25000.0,0.0,0.0,0.5,0.0,1.0
0.0,240.0,2.0,1.0,2.0,urban,0.0,150000.0,150000.0,0.0,1.0,1.0,0.0,0.0
1.0,84.0,1.0,0.0,1.0,urban,0.0,15000.0,7500.0,0.0,0.0,0.5,0.0,0.0
1.0,240.0,100.0,50.0,0.0,urban,0.0,785000.0,785000.0,1.0,1.0,1.0,0.0,0.0
0.0,84.0,1.0,0.0,1.0,urban,0.0,10000.0,5000.0,1.0,0.0,0.5,0.0,0.0
1.0,84.0,1.0,0.0,1.0,urban,0.0,25000.0,12500.0,0.0,0.0,0.5,0.0,0.0
0.0,84.0,1.0,0.0,1.0,urban,0.0,33000.0,16500.0,0.0,0.0,0.5,0.0,0.0
1.0,99.0,1.0,1.0,1.0,urban,49121.0,60000.0,30000.0,1.0,0.0,0.5,0.0,1.0
1.0,35.0,3.0,0.0,3.0,rural,25680.0,30000.0,15000.0,0.0,0.0,0.5,1.0,1.0
0.0,69.0,2.0,6.0,8.0,urban,4885.0,5000.0,4250.0,1.0,0.0,0.85,0.0,1.0
0.0,56.0,1.0,2.0,1.0,urban,20000.0,20000.0,10000.0,1.0,0.0,0.5,0.0,1.0
1.0,84.0,1.0,0.0,1.0,urban,0.0,30000.0,15000.0,0.0,0.0,0.5,0.0,0.0
1.0,120.0,2.0,2.0,2.0,urban,0.0,105000.0,89250.0,1.0,0.0,0.85,0.0,0.0
0.0,57.0,1.0,2.0,3.0,urban,24320.0,25000.0,12500.0,0.0,0.0,0.5,0.0,1.0
0.0,35.0,1.0,2.0,3.0,urban,4466.0,5000.0,2500.0,0.0,0.0,0.5,0.0,1.0
0.0,84.0,1.0,3.0,1.0,urban,0.0,10000.0,5000.0,0.0,0.0,0.5,0.0,0.0
0.0,52.0,2.0,2.0,4.0,urban,19999.0,20000.0,10000.0,1.0,0.0,0.5,0.0,1.0
1.0,240.0,7.0,12.0,1.0,urban,0.0,475000.0,475000.0,0.0,1.0,1.0,0.0,0.0
1.0,84.0,1.0,0.0,1.0,urban,0.0,15000.0,7500.0,0.0,0.0,0.5,0.0,0.0
1.0,84.0,3.0,0.0,3.0,urban,0.0,50000.0,25000.0,0.0,0.0,0.5,0.0,0.0
0.0,60.0,4.0,0.0,4.0,urban,0.0,70000.0,59500.0,0.0,0.0,0.85,0.0,0.0
0.0,84.0,3.0,2.0,3.0,urban,0.0,25000.0,12500.0,0.0,0.0,0.5,0.0,0.0
0.0,220.0,23.0,0.0,23.0,urban,11599.0,791000.0,593250.0,0.0,0.0,0.75,0.0,1.0
1.0,55.0,1.0,0.0,1.0,rural,29630.0,30000.0,15000.0,0.0,0.0,0.5,0.0,1.0
1.0,67.0,1.0,1.0,1.0,urban,33314.0,35000.0,17500.0,0.0,0.0,0.5,0.0,1.0
0.0,90.0,2.0,4.0,2.0,urban,0.0,50000.0,25000.0,0.0,0.0,0.5,0.0,0.0
1.0,84.0,1.0,0.0,1.0,urban,0.0,25000.0,12500.0,1.0,0.0,0.5,0.0,0.0
0.0,33.0,1.0,0.0,1.0,urban,35000.0,35000.0,17500.0,0.0,0.0,0.5,0.0,1.0
0.0,84.0,1.0,0.0,1.0,urban,0.0,25000.0,12500.0,0.0,0.0,0.5,0.0,0.0
0.0,58.0,2.0,0.0,2.0,urban,29843.0,35000.0,17500.0,0.0,0.0,0.5,0.0,1.0
1.0,275.0,2.0,0.0,2.0,urban,302116.0,590600.0,442950.0,1.0,1.0,0.75,0.0,1.0
1.0,84.0,5.0,0.0,5.0,urban,0.0,100000.0,50000.0,0.0,0.0,0.5,0.0,0.0
0.0,52.0,1.0,1.0,2.0,urban,19954.0,20000.0,10000.0,0.0,0.0,0.5,0.0,1.0
0.0,259.0,2.0,0.0,2.0,urban,102282.0,531700.0,398775.0,0.0,1.0,0.75,0.0,1.0
1.0,39.0,4.0,0.0,4.0,urban,34000.0,35000.0,17500.0,0.0,0.0,0.5,0.0,1.0
1.0,42.0,4.0,0.0,4.0,urban,9852.0,10000.0,5000.0,0.0,0.0,0.5,0.0,1.0
0.0,58.0,2.0,0.0,2.0,rural,24389.0,25000.0,12500.0,0.0,0.0,0.5,0.0,1.0
1.0,57.0,6.0,0.0,6.0,urban,48892.0,50000.0,25000.0,1.0,0.0,0.5,0.0,1.0
1.0,84.0,1.0,2.0,3.0,urban,0.0,33000.0,16500.0,1.0,0.0,0.5,0.0,0.0
1.0,84.0,1.0,1.0,1.0,urban,0.0,50000.0,25000.0,0.0,0.0,0.5,0.0,0.0
0.0,49.0,1.0,0.0,1.0,urban,4900.0,5000.0,2500.0,1.0,0.0,0.5,0.0,1.0
1.0,57.0,2.0,0.0,2.0,urban,10000.0,10000.0,5000.0,1.0,0.0,0.5,0.0,1.0
0.0,30.0,2.0,0.0,2.0,urban,49088.0,50000.0,25000.0,1.0,0.0,0.5,1.0,1.0
0.0,84.0,1.0,0.0,1.0,urban,0.0,20000.0,10000.0,1.0,0.0,0.5,0.0,0.0
1.0,12.0,1.0,1.0,1.0,urban,0.0,250000.0,187500.0,1.0,0.0,0.75,1.0,0.0
1.0,60.0,1.0,1.0,2.0,urban,0.0,32100.0,16050.0,1.0,0.0,0.5,0.0,0.0
1.0,52.0,8.0,0.0,8.0,urban,100000.0,100000.0,50000.0,0.0,0.0,0.5,0.0,1.0
1.0,57.0,10.0,5.0,10.0,urban,150000.0,150000.0,127500.0,0.0,0.0,0.85,0.0,1.0
0.0,58.0,4.0,0.0,4.0,rural,29978.0,30000.0,15000.0,0.0,0.0,0.5,0.0,1.0
1.0,22.0,1.0,0.0,1.0,urban,19199.0,29000.0,14500.0,0.0,0.0,0.5,1.0,1.0
1.0,26.0,1.0,1.0,2.0,urban,47554.0,50000.0,25000.0,0.0,0.0,0.5,0.0,1.0
0.0,48.0,1.0,0.0,1.0,urban,85000.0,100000.0,50000.0,0.0,0.0,0.5,0.0,1.0
0.0,1.0,3.0,0.0,3.0,urban,8430.0,12500.0,6250.0,0.0,0.0,0.5,0.0,1.0
1.0,277.0,4.0,0.0,0.0,urban,37919.0,640700.0,480525.0,0.0,1.0,0.75,0.0,1.0
0.0,84.0,5.0,0.0,5.0,urban,0.0,10000.0,5000.0,1.0,0.0,0.5,0.0,0.0
0.0,65.0,1.0,1.0,1.0,urban,100000.0,100000.0,50000.0,0.0,0.0,0.5,0.0,1.0
1.0,300.0,4.0,0.0,4.0,urban,0.0,230500.0,172875.0,0.0,1.0,0.75,0.0,0.0
1.0,240.0,13.0,37.0,13.0,rural,0.0,392000.0,392000.0,0.0,1.0,1.0,0.0,0.0
1.0,59.0,5.0,3.0,8.0,urban,19690.0,20000.0,10000.0,0.0,0.0,0.5,0.0,1.0
1.0,84.0,1.0,0.0,1.0,urban,0.0,50000.0,25000.0,1.0,0.0,0.5,0.0,0.0
1.0,29.0,2.0,0.0,2.0,urban,37499.0,40000.0,20000.0,0.0,0.0,0.5,1.0,1.0
1.0,84.0,1.0,0.0,1.0,urban,0.0,10000.0,5000.0,0.0,0.0,0.5,0.0,0.0
1.0,97.0,1.0,0.0,1.0,urban,23022.0,25000.0,21250.0,0.0,0.0,0.85,0.0,1.0
0.0,54.0,4.0,0.0,4.0,urban,48152.0,50000.0,25000.0,0.0,0.0,0.5,0.0,1.0
1.0,65.0,7.0,2.0,7.0,urban,88157.0,100000.0,50000.0,0.0,0.0,0.5,0.0,1.0
0.0,48.0,3.0,0.0,3.0,urban,14340.0,20000.0,10000.0,0.0,0.0,0.5,0.0,1.0
1.0,84.0,2.0,0.0,2.0,urban,0.0,25000.0,12500.0,0.0,0.0,0.5,0.0,0.0
1.0,84.0,3.0,1.0,3.0,rural,0.0,50000.0,25000.0,0.0,0.0,0.5,0.0,0.0
1.0,75.0,5.0,0.0,5.0,rural,50000.0,50000.0,25000.0,0.0,0.0,0.5,0.0,1.0
1.0,84.0,4.0,0.0,4.0,urban,0.0,15000.0,7500.0,1.0,0.0,0.5,0.0,0.0
1.0,65.0,3.0,2.0,3.0,urban,34000.0,35000.0,17500.0,0.0,0.0,0.5,0.0,1.0
0.0,27.0,100.0,0.0,100.0,urban,552478.0,610000.0,457500.0,0.0,0.0,0.75,1.0,1.0
1.0,67.0,2.0,1.0,2.0,urban,91904.0,100000.0,50000.0,0.0,0.0,0.5,0.0,1.0
0.0,32.0,4.0,1.0,5.0,urban,34999.0,35000.0,17500.0,0.0,0.0,0.5,1.0,1.0
1.0,70.0,1.0,1.0,1.0,urban,15000.0,15000.0,7500.0,0.0,0.0,0.5,0.0,1.0
0.0,54.0,1.0,1.0,1.0,urban,16414.0,20000.0,17000.0,1.0,0.0,0.85,0.0,1.0
1.0,46.0,2.0,0.0,2.0,urban,19974.0,20000.0,10000.0,0.0,0.0,0.5,0.0,1.0
1.0,50.0,2.0,0.0,2.0,urban,18534.0,20000.0,10000.0,1.0,0.0,0.5,0.0,1.0
0.0,51.0,2.0,0.0,2.0,urban,40000.0,40000.0,20000.0,1.0,0.0,0.5,0.0,1.0
1.0,20.0,4.0,0.0,4.0,urban,3596.0,10000.0,5000.0,0.0,0.0,0.5,1.0,1.0
1.0,0.0,4.0,4.0,4.0,urban,49256.0,50000.0,25000.0,0.0,0.0,0.5,0.0,1.0
1.0,36.0,4.0,4.0,4.0,urban,5249.0,10000.0,5000.0,0.0,0.0,0.5,0.0,1.0
1.0,240.0,1.0,15.0,0.0,urban,0.0,497000.0,497000.0,1.0,1.0,1.0,0.0,0.0
1.0,47.0,1.0,1.0,1.0,urban,10854.0,15000.0,12750.0,0.0,0.0,0.85,0.0,1.0
1.0,84.0,2.0,0.0,2.0,urban,0.0,50000.0,25000.0,1.0,0.0,0.5,0.0,0.0
0.0,59.0,1.0,0.0,1.0,urban,20000.0,20000.0,10000.0,1.0,0.0,0.5,0.0,1.0
0.0,61.0,2.0,0.0,2.0,urban,9618.0,10000.0,5000.0,0.0,0.0,0.5,0.0,1.0
1.0,58.0,1.0,0.0,1.0,urban,19000.0,19000.0,9500.0,0.0,0.0,0.5,0.0,1.0
1.0,34.0,2.0,2.0,2.0,urban,7263.0,15000.0,12750.0,0.0,0.0,0.85,0.0,1.0
0.0,99.0,2.0,2.0,2.0,urban,62814.0,67500.0,57375.0,0.0,0.0,0.85,0.0,1.0
0.0,50.0,2.0,2.0,2.0,urban,9179.0,10000.0,8500.0,0.0,0.0,0.85,0.0,1.0
0.0,57.0,2.0,0.0,2.0,urban,49500.0,50000.0,25000.0,0.0,0.0,0.5,0.0,1.0
1.0,84.0,2.0,0.0,2.0,urban,0.0,30000.0,15000.0,0.0,0.0,0.5,0.0,0.0
0.0,84.0,9.0,0.0,9.0,urban,0.0,35000.0,17500.0,1.0,0.0,0.5,0.0,0.0
1.0,300.0,7.0,3.0,4.0,urban,0.0,526000.0,394500.0,0.0,1.0,0.75,0.0,0.0
1.0,93.0,0.0,1.0,1.0,urban,169818.0,193200.0,144900.0,1.0,0.0,0.75,0.0,1.0
0.0,4.0,3.0,0.0,3.0,urban,24414.0,25000.0,12500.0,0.0,0.0,0.5,0.0,1.0
0.0,53.0,4.0,3.0,7.0,urban,49140.0,50000.0,25000.0,0.0,0.0,0.5,0.0,1.0
1.0,43.0,6.0,0.0,6.0,urban,34500.0,35000.0,17500.0,0.0,0.0,0.5,0.0,1.0
1.0,60.0,2.0,0.0,2.0,urban,82020.0,100000.0,50000.0,0.0,0.0,0.5,0.0,1.0
0.0,60.0,2.0,0.0,2.0,urban,0.0,19300.0,9650.0,1.0,0.0,0.5,0.0,0.0
0.0,64.0,5.0,0.0,5.0,urban,50000.0,50000.0,25000.0,1.0,0.0,0.5,0.0,1.0
0.0,84.0,1.0,0.0,1.0,urban,0.0,50000.0,25000.0,0.0,0.0,0.5,0.0,0.0
0.0,69.0,1.0,3.0,1.0,urban,9049.0,10000.0,8500.0,0.0,0.0,0.85,0.0,1.0
1.0,44.0,2.0,0.0,2.0,urban,51274.0,82500.0,41250.0,0.0,0.0,0.5,0.0,1.0
0.0,73.0,25.0,0.0,25.0,urban,19489.0,20000.0,10000.0,0.0,0.0,0.5,0.0,1.0
0.0,65.0,1.0,0.0,1.0,urban,44879.0,50000.0,25000.0,0.0,0.0,0.5,0.0,1.0
1.0,60.0,2.0,2.0,2.0,urban,0.0,100000.0,50000.0,0.0,0.0,0.5,0.0,0.0
1.0,62.0,6.0,0.0,6.0,urban,34500.0,35000.0,17500.0,0.0,0.0,0.5,0.0,1.0
0.0,63.0,2.0,0.0,2.0,urban,18954.0,20000.0,10000.0,0.0,0.0,0.5,0.0,1.0
0.0,59.0,4.0,0.0,4.0,urban,82500.0,82500.0,41250.0,0.0,0.0,0.5,0.0,1.0
1.0,84.0,2.0,0.0,2.0,rural,0.0,25000.0,12500.0,0.0,0.0,0.5,0.0,0.0
0.0,57.0,1.0,0.0,1.0,urban,34450.0,35000.0,17500.0,0.0,0.0,0.5,0.0,1.0
0.0,49.0,1.0,0.0,1.0,urban,59149.0,100000.0,50000.0,0.0,0.0,0.5,0.0,1.0
1.0,84.0,16.0,0.0,16.0,urban,0.0,25000.0,12500.0,0.0,0.0,0.5,0.0,0.0
0.0,275.0,16.0,5.0,16.0,rural,156200.0,240000.0,180000.0,0.0,1.0,0.75,0.0,1.0
1.0,88.0,16.0,5.0,16.0,rural,149780.0,160000.0,120000.0,0.0,0.0,0.75,0.0,1.0
0.0,240.0,50.0,15.0,0.0,urban,0.0,341000.0,341000.0,0.0,1.0,1.0,0.0,0.0
1.0,273.0,16.0,5.0,16.0,rural,23199.0,120000.0,90000.0,0.0,1.0,0.75,0.0,1.0
1.0,69.0,2.0,0.0,2.0,urban,49021.0,50000.0,25000.0,0.0,0.0,0.5,0.0,1.0
0.0,60.0,2.0,0.0,2.0,urban,0.0,104000.0,41600.0,0.0,0.0,0.4,0.0,0.0
1.0,26.0,1.0,5.0,6.0,urban,32999.0,75000.0,37500.0,0.0,0.0,0.5,1.0,1.0
1.0,84.0,1.0,1.0,0.0,urban,0.0,10000.0,8500.0,1.0,0.0,0.85,0.0,0.0
1.0,35.0,1.0,0.0,1.0,urban,10392.0,12000.0,6000.0,0.0,0.0,0.5,0.0,1.0
0.0,45.0,1.0,2.0,1.0,urban,4763.0,25000.0,12500.0,0.0,0.0,0.5,0.0,1.0
1.0,240.0,16.0,15.0,0.0,urban,0.0,580000.0,580000.0,0.0,1.0,1.0,0.0,0.0
0.0,60.0,2.0,1.0,2.0,urban,50000.0,50000.0,25000.0,0.0,0.0,0.5,0.0,1.0
0.0,84.0,3.0,0.0,3.0,urban,0.0,5000.0,2500.0,1.0,0.0,0.5,0.0,0.0
0.0,111.0,6.0,0.0,6.0,urban,0.0,35000.0,17500.0,1.0,0.0,0.5,0.0,0.0
0.0,62.0,2.0,0.0,2.0,urban,49986.0,50000.0,25000.0,0.0,0.0,0.5,0.0,1.0
1.0,268.0,14.0,0.0,14.0,urban,351877.0,481500.0,361125.0,0.0,1.0,0.75,0.0,1.0
0.0,68.0,1.0,0.0,1.0,urban,46714.0,50000.0,25000.0,0.0,0.0,0.5,0.0,1.0
1.0,84.0,12.0,0.0,12.0,urban,0.0,35000.0,17500.0,0.0,0.0,0.5,0.0,0.0
1.0,63.0,2.0,0.0,2.0,urban,44750.0,45000.0,22500.0,0.0,0.0,0.5,0.0,1.0
1.0,48.0,1.0,0.0,1.0,rural,23961.0,25000.0,12500.0,0.0,0.0,0.5,0.0,1.0
1.0,84.0,4.0,1.0,4.0,urban,0.0,20000.0,10000.0,0.0,0.0,0.5,0.0,0.0
1.0,120.0,2.0,1.0,2.0,urban,0.0,300000.0,225000.0,1.0,0.0,0.75,0.0,0.0
1.0,59.0,15.0,0.0,15.0,urban,50000.0,50000.0,25000.0,0.0,0.0,0.5,0.0,1.0
1.0,55.0,5.0,1.0,5.0,urban,80455.0,100000.0,50000.0,0.0,0.0,0.5,0.0,1.0
0.0,84.0,1.0,1.0,1.0,urban,0.0,25000.0,21250.0,0.0,0.0,0.85,0.0,0.0
0.0,84.0,4.0,0.0,4.0,urban,0.0,25000.0,12500.0,1.0,0.0,0.5,0.0,0.0
0.0,62.0,16.0,0.0,16.0,urban,15000.0,15000.0,7500.0,0.0,0.0,0.5,0.0,1.0
1.0,84.0,1.0,0.0,1.0,urban,0.0,15000.0,7500.0,0.0,0.0,0.5,0.0,0.0
0.0,240.0,15.0,5.0,0.0,urban,0.0,286000.0,286000.0,0.0,1.0,1.0,0.0,0.0
0.0,61.0,2.0,0.0,2.0,urban,9972.0,12000.0,6000.0,0.0,0.0,0.5,0.0,1.0
1.0,55.0,2.0,0.0,2.0,urban,10220.0,12000.0,6000.0,1.0,0.0,0.5,0.0,1.0
0.0,240.0,5.0,30.0,0.0,urban,0.0,165000.0,165000.0,1.0,1.0,1.0,0.0,0.0
1.0,61.0,1.0,0.0,1.0,urban,34000.0,35000.0,17500.0,1.0,0.0,0.5,0.0,1.0
0.0,240.0,7.0,4.0,0.0,urban,0.0,724000.0,724000.0,0.0,1.0,1.0,0.0,0.0
1.0,101.0,3.0,2.0,3.0,urban,183829.0,200000.0,150000.0,0.0,0.0,0.75,0.0,1.0
1.0,30.0,1.0,0.0,1.0,urban,5716.0,10000.0,5000.0,0.0,0.0,0.5,0.0,1.0
1.0,49.0,3.0,2.0,5.0,urban,9989.0,10000.0,5000.0,0.0,0.0,0.5,0.0,1.0
1.0,43.0,7.0,0.0,7.0,urban,19313.0,20000.0,10000.0,0.0,0.0,0.5,0.0,1.0
1.0,84.0,2.0,1.0,2.0,urban,0.0,100000.0,50000.0,0.0,0.0,0.5,0.0,0.0
0.0,37.0,1.0,0.0,1.0,urban,49645.0,50000.0,25000.0,0.0,0.0,0.5,0.0,1.0
0.0,240.0,5.0,5.0,0.0,urban,0.0,371000.0,371000.0,0.0,1.0,1.0,0.0,0.0
0.0,63.0,12.0,2.0,14.0,urban,45507.0,50000.0,25000.0,0.0,0.0,0.5,0.0,1.0
0.0,32.0,2.0,0.0,2.0,urban,20755.0,25000.0,12500.0,0.0,0.0,0.5,0.0,1.0
1.0,240.0,7.0,2.0,0.0,urban,0.0,598000.0,598000.0,0.0,1.0,1.0,0.0,0.0
0.0,35.0,3.0,1.0,3.0,urban,50000.0,50000.0,25000.0,0.0,0.0,0.5,0.0,1.0
1.0,240.0,7.0,7.0,0.0,urban,0.0,1003000.0,1003000.0,0.0,1.0,1.0,0.0,0.0
0.0,257.0,2.0,0.0,2.0,urban,405890.0,716300.0,537225.0,0.0,1.0,0.75,0.0,1.0
0.0,51.0,1.0,0.0,0.0,urban,4954.0,5000.0,2500.0,0.0,0.0,0.5,0.0,1.0
0.0,68.0,20.0,50.0,20.0,urban,92524.0,100000.0,50000.0,0.0,0.0,0.5,0.0,1.0
0.0,240.0,1.0,26.0,0.0,urban,0.0,1836000.0,1836000.0,0.0,1.0,1.0,0.0,0.0
1.0,240.0,6.0,8.0,6.0,urban,0.0,1386000.0,1386000.0,1.0,1.0,1.0,0.0,0.0
1.0,300.0,4.0,1.0,3.0,urban,0.0,1329000.0,996750.0,0.0,1.0,0.75,0.0,0.0
1.0,300.0,4.0,1.0,3.0,urban,0.0,120000.0,90000.0,0.0,1.0,0.75,0.0,0.0
1.0,83.0,2.0,1.0,2.0,urban,24221.0,25000.0,21250.0,0.0,0.0,0.85,0.0,1.0
0.0,68.0,5.0,0.0,5.0,urban,50000.0,50000.0,25000.0,0.0,0.0,0.5,0.0,1.0
1.0,82.0,1.0,0.0,1.0,urban,20689.0,25000.0,21250.0,1.0,0.0,0.85,0.0,1.0
0.0,240.0,140.0,45.0,0.0,urban,0.0,893000.0,893000.0,0.0,1.0,1.0,0.0,0.0
0.0,84.0,2.0,0.0,2.0,urban,0.0,35000.0,17500.0,0.0,0.0,0.5,0.0,0.0
0.0,43.0,4.0,0.0,4.0,urban,35000.0,35000.0,17500.0,0.0,0.0,0.5,0.0,1.0
1.0,69.0,3.0,0.0,3.0,urban,34421.0,55000.0,27500.0,0.0,0.0,0.5,0.0,1.0
1.0,60.0,1.0,1.0,1.0,urban,78098.0,149800.0,127330.0,1.0,0.0,0.85,0.0,1.0
1.0,72.0,2.0,0.0,2.0,urban,35000.0,35000.0,17500.0,0.0,0.0,0.5,0.0,1.0
1.0,84.0,1.0,0.0,1.0,rural,0.0,20000.0,10000.0,0.0,0.0,0.5,0.0,0.0
1.0,84.0,1.0,0.0,1.0,urban,0.0,50000.0,25000.0,0.0,0.0,0.5,0.0,0.0
0.0,36.0,6.0,3.0,9.0,urban,0.0,150000.0,75000.0,0.0,0.0,0.5,0.0,0.0
0.0,71.0,1.0,1.0,1.0,urban,23709.0,25000.0,12500.0,0.0,0.0,0.5,0.0,1.0
1.0,72.0,2.0,0.0,2.0,rural,48842.0,50000.0,25000.0,0.0,0.0,0.5,0.0,1.0
1.0,38.0,8.0,0.0,8.0,rural,44959.0,45000.0,22500.0,0.0,0.0,0.5,0.0,1.0
1.0,84.0,5.0,9.0,5.0,urban,0.0,170000.0,127500.0,0.0,0.0,0.75,0.0,0.0
1.0,84.0,1.0,0.0,1.0,urban,0.0,25000.0,12500.0,0.0,0.0,0.5,0.0,0.0
1.0,70.0,10.0,1.0,10.0,urban,47648.0,50000.0,25000.0,0.0,0.0,0.5,0.0,1.0
0.0,74.0,1.0,0.0,4.0,rural,493800.0,493800.0,370350.0,1.0,0.0,0.75,0.0,1.0
0.0,84.0,5.0,1.0,6.0,urban,0.0,35000.0,17500.0,0.0,0.0,0.5,0.0,0.0
0.0,243.0,11.0,7.0,4.0,urban,219484.0,882000.0,661500.0,0.0,1.0,0.75,0.0,1.0
1.0,61.0,5.0,0.0,5.0,urban,21189.0,25000.0,12500.0,1.0,0.0,0.5,0.0,1.0
1.0,68.0,1.0,0.0,1.0,urban,9800.0,10000.0,5000.0,0.0,0.0,0.5,0.0,1.0
0.0,84.0,1.0,0.0,1.0,urban,0.0,5000.0,2500.0,1.0,0.0,0.5,0.0,0.0
1.0,84.0,4.0,0.0,4.0,urban,0.0,4500.0,2250.0,1.0,0.0,0.5,0.0,0.0
1.0,31.0,1.0,0.0,1.0,rural,6400.0,8000.0,4000.0,1.0,0.0,0.5,0.0,1.0
0.0,289.0,5.0,2.0,5.0,urban,776318.0,1493000.0,1119750.0,0.0,1.0,0.75,0.0,1.0
1.0,55.0,9.0,0.0,9.0,urban,34656.0,50000.0,25000.0,0.0,0.0,0.5,0.0,1.0
1.0,68.0,3.0,0.0,3.0,urban,49912.0,50000.0,25000.0,0.0,0.0,0.5,0.0,1.0
0.0,59.0,6.0,3.0,6.0,urban,83771.0,100000.0,50000.0,0.0,0.0,0.5,0.0,1.0
1.0,74.0,13.0,3.0,13.0,urban,34953.0,35000.0,17500.0,0.0,0.0,0.5,0.0,1.0
0.0,55.0,7.0,0.0,7.0,urban,47876.0,50000.0,25000.0,0.0,0.0,0.5,0.0,1.0
0.0,84.0,2.0,0.0,2.0,urban,0.0,50000.0,25000.0,0.0,0.0,0.5,0.0,0.0
1.0,297.0,15.0,0.0,0.0,rural,208072.0,271900.0,203925.0,0.0,1.0,0.75,0.0,1.0
0.0,23.0,3.0,0.0,3.0,urban,17809.0,20000.0,10000.0,0.0,0.0,0.5,1.0,1.0
1.0,51.0,1.0,0.0,1.0,urban,50000.0,50000.0,25000.0,0.0,0.0,0.5,0.0,1.0
0.0,64.0,56.0,0.0,56.0,urban,35000.0,35000.0,17500.0,0.0,0.0,0.5,0.0,1.0
1.0,71.0,3.0,0.0,3.0,urban,29998.0,30000.0,15000.0,0.0,0.0,0.5,0.0,1.0
1.0,84.0,3.0,0.0,3.0,urban,0.0,5000.0,2500.0,1.0,0.0,0.5,0.0,0.0
0.0,287.0,6.0,0.0,6.0,urban,388255.0,658000.0,493500.0,0.0,1.0,0.75,0.0,1.0
0.0,84.0,1.0,0.0,1.0,urban,0.0,8000.0,4000.0,0.0,0.0,0.5,0.0,0.0
1.0,84.0,4.0,0.0,4.0,urban,0.0,50000.0,25000.0,0.0,0.0,0.5,0.0,0.0
0.0,287.0,6.0,0.0,6.0,urban,83522.0,120500.0,90375.0,0.0,1.0,0.75,0.0,1.0
1.0,58.0,7.0,0.0,7.0,rural,49468.0,50000.0,25000.0,0.0,0.0,0.5,0.0,1.0
0.0,40.0,0.0,0.0,0.0,urban,9662.0,15000.0,12750.0,1.0,0.0,0.85,0.0,0.0
0.0,63.0,1.0,0.0,1.0,urban,6000.0,6000.0,3000.0,1.0,0.0,0.5,0.0,1.0
0.0,84.0,1.0,0.0,1.0,urban,0.0,10000.0,5000.0,1.0,0.0,0.5,0.0,0.0
0.0,98.0,2.0,2.0,2.0,urban,140529.0,251000.0,188250.0,1.0,0.0,0.75,0.0,1.0
0.0,120.0,8.0,0.0,8.0,urban,0.0,300000.0,225000.0,0.0,0.0,0.75,0.0,0.0
1.0,240.0,18.0,4.0,0.0,urban,0.0,180000.0,180000.0,0.0,1.0,1.0,0.0,0.0
1.0,84.0,3.0,1.0,4.0,urban,0.0,25000.0,12500.0,0.0,0.0,0.5,0.0,0.0
1.0,19.0,1.0,0.0,1.0,urban,10283.0,15000.0,7500.0,0.0,0.0,0.5,1.0,1.0
1.0,68.0,1.0,0.0,1.0,urban,30000.0,30000.0,15000.0,0.0,0.0,0.5,0.0,1.0
0.0,59.0,2.0,0.0,2.0,urban,35000.0,35000.0,17500.0,1.0,0.0,0.5,0.0,1.0
0.0,45.0,6.0,0.0,6.0,urban,33000.0,35000.0,17500.0,0.0,0.0,0.5,0.0,1.0
1.0,84.0,1.0,0.0,1.0,urban,0.0,30000.0,15000.0,0.0,0.0,0.5,0.0,0.0
0.0,275.0,2.0,0.0,2.0,urban,334176.0,612000.0,459000.0,0.0,1.0,0.75,0.0,1.0
0.0,64.0,15.0,2.0,15.0,urban,9800.0,10000.0,5000.0,0.0,0.0,0.5,0.0,1.0
1.0,45.0,20.0,20.0,40.0,urban,88462.0,90000.0,45000.0,0.0,0.0,0.5,0.0,1.0
0.0,240.0,36.0,4.0,36.0,urban,0.0,804000.0,804000.0,0.0,1.0,1.0,0.0,0.0
1.0,36.0,2.0,0.0,2.0,urban,8296.0,15000.0,12750.0,0.0,0.0,0.85,0.0,1.0
1.0,90.0,2.0,0.0,2.0,urban,22592.0,25000.0,21250.0,0.0,0.0,0.85,0.0,1.0
0.0,291.0,1.0,0.0,1.0,urban,205202.0,540000.0,405000.0,0.0,1.0,0.75,0.0,1.0
0.0,288.0,3.0,2.0,5.0,urban,0.0,534200.0,400650.0,0.0,1.0,0.75,0.0,0.0
1.0,47.0,6.0,0.0,6.0,urban,29776.0,30000.0,15000.0,0.0,0.0,0.5,0.0,1.0
1.0,93.0,2.0,0.0,2.0,urban,189555.0,200000.0,100000.0,0.0,0.0,0.5,0.0,1.0
0.0,71.0,10.0,0.0,10.0,urban,35000.0,35000.0,17500.0,1.0,0.0,0.5,0.0,1.0
0.0,120.0,0.0,11.0,11.0,urban,0.0,350000.0,262500.0,1.0,0.0,0.75,0.0,0.0
1.0,60.0,5.0,0.0,5.0,urban,0.0,80000.0,40000.0,0.0,0.0,0.5,0.0,0.0
1.0,56.0,2.0,0.0,2.0,urban,23509.0,25000.0,12500.0,0.0,0.0,0.5,0.0,1.0
0.0,12.0,2.0,2.0,4.0,rural,0.0,25000.0,12500.0,1.0,0.0,0.5,0.0,0.0
0.0,48.0,8.0,0.0,8.0,urban,34300.0,35000.0,17500.0,0.0,0.0,0.5,0.0,1.0
1.0,69.0,6.0,0.0,6.0,urban,35000.0,35000.0,17500.0,0.0,0.0,0.5,0.0,1.0
0.0,240.0,10.0,7.0,10.0,urban,0.0,234000.0,234000.0,0.0,1.0,1.0,0.0,0.0
0.0,58.0,1.0,0.0,1.0,urban,16950.0,20000.0,10000.0,0.0,0.0,0.5,0.0,1.0
1.0,70.0,9.0,1.0,9.0,urban,40000.0,40000.0,20000.0,0.0,0.0,0.5,0.0,1.0
1.0,63.0,3.0,0.0,3.0,rural,49671.0,50000.0,25000.0,0.0,0.0,0.5,0.0,1.0
1.0,65.0,3.0,0.0,3.0,urban,49166.0,50000.0,25000.0,0.0,0.0,0.5,0.0,1.0
1.0,59.0,4.0,0.0,4.0,urban,50000.0,50000.0,25000.0,0.0,0.0,0.5,0.0,1.0
0.0,69.0,2.0,0.0,2.0,urban,23212.0,25000.0,12500.0,0.0,0.0,0.5,0.0,1.0
0.0,72.0,9.0,0.0,9.0,urban,0.0,25000.0,12500.0,0.0,0.0,0.5,0.0,0.0
1.0,84.0,24.0,0.0,24.0,urban,0.0,150000.0,75000.0,0.0,0.0,0.5,0.0,0.0
0.0,240.0,65.0,35.0,65.0,urban,0.0,1620000.0,1620000.0,0.0,1.0,1.0,0.0,0.0
0.0,59.0,8.0,4.0,8.0,rural,46135.0,50000.0,25000.0,0.0,0.0,0.5,0.0,1.0
1.0,63.0,10.0,0.0,10.0,urban,50000.0,50000.0,25000.0,0.0,0.0,0.5,0.0,1.0
0.0,48.0,2.0,1.0,3.0,urban,21412.0,30000.0,15000.0,0.0,0.0,0.5,0.0,1.0
1.0,69.0,10.0,0.0,10.0,urban,100000.0,100000.0,50000.0,0.0,0.0,0.5,0.0,1.0
0.0,240.0,2.0,2.0,0.0,urban,0.0,883000.0,883000.0,0.0,1.0,1.0,0.0,0.0
1.0,240.0,7.0,20.0,0.0,urban,0.0,848000.0,848000.0,0.0,1.0,1.0,0.0,0.0
0.0,51.0,6.0,0.0,6.0,rural,24567.0,30000.0,15000.0,0.0,0.0,0.5,0.0,1.0
1.0,235.0,1.0,0.0,1.0,urban,642404.0,1060000.0,795000.0,0.0,0.0,0.75,0.0,1.0
1.0,59.0,8.0,0.0,8.0,urban,98151.0,100000.0,50000.0,0.0,0.0,0.5,0.0,1.0
0.0,84.0,8.0,0.0,8.0,urban,0.0,35000.0,17500.0,0.0,0.0,0.5,0.0,0.0
0.0,120.0,2.0,0.0,2.0,urban,0.0,7500.0,6375.0,0.0,0.0,0.85,0.0,0.0
0.0,21.0,2.0,2.0,2.0,urban,24842.0,25000.0,12500.0,0.0,0.0,0.5,1.0,1.0
0.0,62.0,3.0,3.0,3.0,rural,29574.0,30000.0,15000.0,0.0,0.0,0.5,0.0,1.0
1.0,84.0,1.0,0.0,1.0,urban,0.0,15000.0,7500.0,0.0,0.0,0.5,0.0,0.0
1.0,20.0,42.0,0.0,42.0,urban,50000.0,50000.0,25000.0,0.0,0.0,0.5,1.0,1.0
0.0,240.0,1.0,11.0,0.0,urban,0.0,544000.0,544000.0,0.0,1.0,1.0,0.0,0.0
0.0,22.0,2.0,0.0,2.0,urban,17768.0,50000.0,25000.0,0.0,0.0,0.5,1.0,1.0
0.0,240.0,10.0,7.0,10.0,urban,0.0,248000.0,248000.0,0.0,1.0,1.0,0.0,0.0
0.0,240.0,10.0,7.0,10.0,urban,0.0,322000.0,322000.0,0.0,1.0,1.0,0.0,0.0
1.0,54.0,6.0,2.0,6.0,urban,34407.0,35000.0,17500.0,0.0,0.0,0.5,0.0,1.0
0.0,69.0,1.0,0.0,1.0,urban,11386.0,15000.0,7500.0,1.0,0.0,0.5,0.0,1.0
0.0,84.0,1.0,0.0,1.0,urban,0.0,50000.0,25000.0,0.0,0.0,0.5,0.0,0.0
0.0,84.0,10.0,0.0,10.0,urban,0.0,30000.0,15000.0,0.0,0.0,0.5,0.0,0.0
0.0,70.0,3.0,0.0,3.0,urban,9920.0,10000.0,5000.0,0.0,0.0,0.5,0.0,1.0
0.0,84.0,2.0,0.0,2.0,urban,0.0,35000.0,17500.0,0.0,0.0,0.5,0.0,0.0
0.0,73.0,2.0,0.0,2.0,rural,28579.0,30000.0,15000.0,0.0,0.0,0.5,0.0,1.0
1.0,84.0,2.0,1.0,3.0,urban,0.0,15000.0,7500.0,1.0,0.0,0.5,0.0,0.0
0.0,46.0,2.0,0.0,2.0,urban,34406.0,35000.0,17500.0,0.0,0.0,0.5,0.0,1.0
0.0,18.0,11.0,1.0,12.0,rural,27550.0,50000.0,25000.0,0.0,0.0,0.5,1.0,1.0
0.0,32.0,6.0,0.0,6.0,urban,45099.0,50000.0,25000.0,0.0,0.0,0.5,0.0,1.0
1.0,84.0,1.0,1.0,1.0,urban,0.0,15000.0,7500.0,0.0,0.0,0.5,0.0,0.0
0.0,73.0,1.0,0.0,1.0,urban,9519.0,10000.0,8500.0,0.0,0.0,0.85,0.0,1.0
1.0,5.0,2.0,0.0,2.0,urban,17798.0,55000.0,27500.0,0.0,0.0,0.5,0.0,1.0
1.0,240.0,2.0,4.0,0.0,urban,0.0,157000.0,157000.0,0.0,1.0,1.0,0.0,0.0
0.0,52.0,5.0,1.0,1.0,urban,18011.0,25000.0,21250.0,0.0,0.0,0.85,0.0,1.0
0.0,84.0,1.0,0.0,1.0,urban,0.0,10000.0,5000.0,0.0,0.0,0.5,0.0,0.0
1.0,30.0,1.0,0.0,1.0,urban,21529.0,35000.0,17500.0,0.0,0.0,0.5,0.0,1.0
1.0,32.0,1.0,0.0,1.0,urban,9492.0,10000.0,5000.0,0.0,0.0,0.5,0.0,1.0
0.0,240.0,15.0,8.0,0.0,urban,0.0,1124000.0,1124000.0,0.0,1.0,1.0,0.0,0.0
0.0,70.0,1.0,0.0,1.0,urban,35000.0,35000.0,17500.0,0.0,0.0,0.5,0.0,1.0
0.0,73.0,7.0,1.0,7.0,urban,75000.0,75000.0,37500.0,0.0,0.0,0.5,0.0,1.0
0.0,73.0,1.0,1.0,1.0,urban,33196.0,35000.0,17500.0,0.0,0.0,0.5,0.0,1.0
1.0,57.0,3.0,0.0,3.0,urban,36426.0,37000.0,18500.0,0.0,0.0,0.5,0.0,1.0
1.0,84.0,5.0,1.0,5.0,urban,0.0,100000.0,50000.0,0.0,0.0,0.5,0.0,0.0
0.0,27.0,5.0,0.0,5.0,urban,47443.0,50000.0,25000.0,0.0,0.0,0.5,1.0,1.0
0.0,240.0,40.0,8.0,0.0,urban,0.0,1029000.0,1029000.0,0.0,1.0,1.0,0.0,0.0
0.0,71.0,6.0,0.0,6.0,urban,100000.0,100000.0,50000.0,0.0,0.0,0.5,0.0,1.0
0.0,43.0,1.0,2.0,3.0,rural,126545.0,150000.0,127500.0,1.0,0.0,0.85,0.0,1.0
1.0,70.0,8.0,3.0,8.0,urban,33071.0,35000.0,17500.0,0.0,0.0,0.5,0.0,1.0
1.0,39.0,3.0,2.0,3.0,urban,6232.0,10000.0,8500.0,1.0,0.0,0.85,0.0,1.0
0.0,240.0,4.0,19.0,0.0,urban,0.0,798000.0,798000.0,0.0,1.0,1.0,0.0,0.0
1.0,84.0,7.0,0.0,7.0,urban,0.0,40000.0,20000.0,0.0,0.0,0.5,0.0,0.0
0.0,107.0,28.0,0.0,28.0,urban,12122.0,12500.0,10625.0,0.0,0.0,0.85,0.0,1.0
0.0,61.0,56.0,0.0,56.0,urban,34332.0,35000.0,17500.0,0.0,0.0,0.5,0.0,1.0
1.0,240.0,5.0,3.0,0.0,urban,0.0,409000.0,409000.0,0.0,1.0,1.0,0.0,0.0
0.0,41.0,13.0,0.0,13.0,urban,376534.0,550000.0,412500.0,0.0,0.0,0.75,0.0,1.0
0.0,59.0,1.0,10.0,10.0,urban,8283.0,10000.0,8500.0,1.0,0.0,0.85,0.0,1.0
0.0,66.0,1.0,3.0,1.0,urban,27950.0,28000.0,14000.0,0.0,0.0,0.5,0.0,1.0
1.0,27.0,6.0,1.0,6.0,urban,5161.0,50000.0,25000.0,0.0,0.0,0.5,1.0,1.0
0.0,240.0,20.0,3.0,20.0,urban,0.0,1491000.0,1491000.0,0.0,1.0,1.0,0.0,0.0
1.0,48.0,4.0,0.0,4.0,urban,6600.0,14000.0,7000.0,1.0,0.0,0.5,0.0,1.0
1.0,70.0,15.0,4.0,19.0,urban,34305.0,35000.0,17500.0,1.0,0.0,0.5,0.0,1.0
1.0,38.0,2.0,0.0,2.0,urban,29538.0,30000.0,15000.0,0.0,0.0,0.5,0.0,1.0
0.0,41.0,4.0,0.0,4.0,urban,32000.0,35000.0,17500.0,0.0,0.0,0.5,0.0,1.0
0.0,41.0,1.0,0.0,1.0,urban,19660.0,20000.0,10000.0,0.0,0.0,0.5,0.0,1.0
0.0,59.0,7.0,1.0,1.0,urban,8165.0,10000.0,8500.0,1.0,0.0,0.85,0.0,1.0
0.0,24.0,6.0,2.0,6.0,urban,0.0,100000.0,50000.0,0.0,0.0,0.5,0.0,0.0
1.0,63.0,8.0,0.0,8.0,urban,35000.0,35000.0,17500.0,0.0,0.0,0.5,0.0,1.0
0.0,240.0,40.0,60.0,0.0,urban,0.0,597000.0,597000.0,0.0,1.0,1.0,0.0,0.0
1.0,57.0,0.0,0.0,0.0,urban,16437.0,20000.0,17000.0,0.0,0.0,0.85,0.0,1.0
1.0,63.0,5.0,1.0,5.0,urban,37750.0,50000.0,25000.0,0.0,0.0,0.5,0.0,1.0
0.0,84.0,2.0,0.0,2.0,urban,0.0,45000.0,22500.0,0.0,0.0,0.5,0.0,0.0
0.0,74.0,2.0,2.0,4.0,urban,38978.0,39000.0,19500.0,1.0,0.0,0.5,0.0,1.0
0.0,84.0,1.0,0.0,1.0,rural,0.0,30000.0,15000.0,0.0,0.0,0.5,0.0,0.0
1.0,240.0,1.0,3.0,0.0,urban,0.0,773000.0,773000.0,0.0,1.0,1.0,0.0,0.0
1.0,84.0,1.0,0.0,1.0,urban,0.0,35000.0,29750.0,0.0,0.0,0.85,0.0,0.0
1.0,72.0,7.0,5.0,7.0,urban,94526.0,100000.0,50000.0,0.0,0.0,0.5,0.0,1.0
1.0,300.0,2.0,0.0,2.0,urban,0.0,1400000.0,1050000.0,0.0,1.0,0.75,0.0,0.0
0.0,66.0,1.0,0.0,1.0,urban,50000.0,50000.0,25000.0,0.0,0.0,0.5,0.0,1.0
0.0,84.0,6.0,0.0,6.0,urban,0.0,15000.0,7500.0,0.0,0.0,0.5,0.0,0.0
0.0,66.0,0.0,0.0,0.0,urban,22499.0,25000.0,21250.0,0.0,0.0,0.85,0.0,1.0
1.0,57.0,8.0,0.0,8.0,urban,24998.0,25000.0,12500.0,0.0,0.0,0.5,0.0,1.0
1.0,70.0,4.0,2.0,4.0,urban,27686.0,35000.0,17500.0,0.0,0.0,0.5,0.0,1.0
0.0,36.0,2.0,0.0,2.0,rural,0.0,20000.0,10000.0,0.0,0.0,0.5,0.0,0.0
0.0,46.0,1.0,0.0,1.0,rural,37419.0,37500.0,18750.0,0.0,0.0,0.5,0.0,1.0
0.0,54.0,2.0,0.0,2.0,urban,25968.0,35000.0,29750.0,1.0,0.0,0.85,0.0,1.0
1.0,84.0,2.0,2.0,2.0,urban,0.0,47000.0,23500.0,0.0,0.0,0.5,0.0,0.0
1.0,240.0,3.0,2.0,3.0,urban,0.0,310000.0,310000.0,0.0,1.0,1.0,0.0,0.0
0.0,53.0,4.0,1.0,5.0,urban,35018.0,50000.0,25000.0,0.0,0.0,0.5,0.0,1.0
1.0,84.0,1.0,0.0,1.0,urban,0.0,25000.0,12500.0,0.0,0.0,0.5,0.0,0.0
0.0,64.0,1.0,0.0,1.0,urban,35000.0,35000.0,17500.0,0.0,0.0,0.5,0.0,1.0
0.0,240.0,70.0,10.0,70.0,urban,0.0,641000.0,641000.0,0.0,1.0,1.0,0.0,0.0
0.0,64.0,4.0,3.0,4.0,urban,33952.0,35000.0,29750.0,0.0,0.0,0.85,0.0,1.0
1.0,109.0,3.0,2.0,3.0,urban,9729.0,10000.0,8500.0,0.0,0.0,0.85,0.0,1.0
1.0,42.0,1.0,1.0,1.0,urban,80011.0,100000.0,50000.0,0.0,0.0,0.5,0.0,1.0
1.0,12.0,1.0,1.0,1.0,urban,0.0,200000.0,100000.0,1.0,0.0,0.5,1.0,0.0
1.0,84.0,4.0,2.0,4.0,rural,0.0,50000.0,25000.0,0.0,0.0,0.5,0.0,0.0
1.0,62.0,5.0,0.0,5.0,urban,19836.0,20000.0,10000.0,0.0,0.0,0.5,0.0,1.0
1.0,66.0,1.0,0.0,1.0,urban,47408.0,55000.0,27500.0,0.0,0.0,0.5,0.0,1.0
0.0,84.0,2.0,2.0,2.0,rural,0.0,25000.0,12500.0,0.0,0.0,0.5,0.0,0.0
1.0,84.0,1.0,0.0,1.0,urban,0.0,10000.0,5000.0,1.0,0.0,0.5,0.0,0.0
0.0,37.0,2.0,0.0,2.0,urban,26996.0,29000.0,14500.0,0.0,0.0,0.5,0.0,1.0
1.0,84.0,2.0,0.0,2.0,urban,0.0,25000.0,12500.0,0.0,0.0,0.5,0.0,0.0
0.0,95.0,13.0,6.0,7.0,urban,129401.0,132000.0,112200.0,0.0,0.0,0.85,0.0,1.0
0.0,24.0,2.0,0.0,2.0,urban,0.0,10000.0,5000.0,0.0,0.0,0.5,1.0,0.0
0.0,74.0,4.0,2.0,6.0,urban,14835.0,15000.0,7500.0,0.0,0.0,0.5,0.0,1.0
0.0,36.0,5.0,0.0,5.0,urban,33831.0,40000.0,20000.0,1.0,0.0,0.5,0.0,1.0
1.0,47.0,1.0,0.0,1.0,urban,24569.0,25000.0,12500.0,0.0,0.0,0.5,0.0,1.0
1.0,240.0,9.0,4.0,0.0,urban,0.0,761000.0,761000.0,0.0,1.0,1.0,0.0,0.0
1.0,240.0,1.0,3.0,0.0,urban,0.0,231000.0,231000.0,0.0,1.0,1.0,0.0,0.0
0.0,53.0,2.0,1.0,3.0,urban,24988.0,25000.0,12500.0,0.0,0.0,0.5,0.0,1.0
1.0,55.0,3.0,2.0,3.0,rural,45000.0,45000.0,22500.0,1.0,0.0,0.5,0.0,1.0
0.0,61.0,0.0,0.0,0.0,urban,49077.0,50000.0,25000.0,0.0,0.0,0.5,0.0,1.0
1.0,168.0,2.0,2.0,4.0,urban,0.0,320500.0,240375.0,0.0,0.0,0.75,0.0,0.0
0.0,67.0,7.0,0.0,7.0,urban,48707.0,50000.0,25000.0,0.0,0.0,0.5,0.0,1.0
0.0,0.0,3.0,0.0,3.0,urban,10421.0,20000.0,10000.0,0.0,0.0,0.5,0.0,1.0
1.0,78.0,3.0,0.0,3.0,urban,50000.0,50000.0,25000.0,0.0,0.0,0.5,0.0,1.0
1.0,84.0,2.0,2.0,2.0,urban,0.0,50000.0,25000.0,0.0,0.0,0.5,0.0,0.0
1.0,64.0,2.0,0.0,2.0,urban,24995.0,25000.0,12500.0,0.0,0.0,0.5,0.0,1.0
0.0,72.0,2.0,0.0,2.0,urban,49753.0,50000.0,25000.0,1.0,0.0,0.5,0.0,1.0
0.0,57.0,2.0,1.0,3.0,urban,39615.0,40000.0,20000.0,1.0,0.0,0.5,0.0,1.0
0.0,72.0,1.0,0.0,1.0,urban,67000.0,67000.0,33500.0,0.0,0.0,0.5,0.0,1.0
1.0,84.0,1.0,0.0,1.0,rural,0.0,27000.0,13500.0,0.0,0.0,0.5,0.0,0.0
0.0,62.0,0.0,0.0,0.0,urban,29275.0,35000.0,29750.0,0.0,0.0,0.85,0.0,1.0
0.0,35.0,4.0,4.0,4.0,rural,17702.0,25000.0,12500.0,0.0,0.0,0.5,0.0,1.0
1.0,31.0,3.0,0.0,3.0,urban,28509.0,45000.0,22500.0,0.0,0.0,0.5,0.0,1.0
0.0,240.0,25.0,8.0,0.0,urban,0.0,529000.0,529000.0,0.0,1.0,1.0,0.0,0.0
1.0,68.0,5.0,0.0,5.0,urban,38975.0,40000.0,20000.0,0.0,0.0,0.5,0.0,1.0
1.0,72.0,1.0,0.0,1.0,urban,34133.0,35000.0,17500.0,0.0,0.0,0.5,0.0,1.0
0.0,84.0,1.0,0.0,1.0,urban,0.0,50000.0,25000.0,0.0,0.0,0.5,0.0,0.0
1.0,92.0,12.0,0.0,12.0,urban,498800.0,700000.0,525000.0,0.0,0.0,0.75,0.0,1.0
1.0,84.0,2.0,0.0,2.0,urban,0.0,36000.0,18000.0,0.0,0.0,0.5,0.0,0.0
0.0,62.0,3.0,0.0,3.0,urban,24550.0,25000.0,12500.0,0.0,0.0,0.5,0.0,1.0
1.0,44.0,4.0,0.0,4.0,urban,98333.0,100000.0,50000.0,0.0,0.0,0.5,0.0,1.0
0.0,61.0,6.0,0.0,6.0,urban,16332.0,16500.0,8250.0,0.0,0.0,0.5,0.0,1.0
1.0,84.0,3.0,0.0,3.0,urban,0.0,25000.0,12500.0,0.0,0.0,0.5,0.0,0.0
1.0,84.0,1.0,0.0,1.0,urban,0.0,50000.0,25000.0,0.0,0.0,0.5,0.0,0.0
0.0,240.0,17.0,5.0,0.0,urban,0.0,720000.0,720000.0,0.0,1.0,1.0,0.0,0.0
0.0,78.0,1.0,0.0,1.0,urban,31764.0,40000.0,34000.0,1.0,0.0,0.85,0.0,1.0
1.0,73.0,10.0,0.0,10.0,urban,1509550.0,2000000.0,1500000.0,0.0,0.0,0.75,0.0,1.0
0.0,80.0,2.0,0.0,2.0,urban,0.0,200000.0,150000.0,0.0,0.0,0.75,0.0,0.0
0.0,35.0,1.0,0.0,1.0,rural,21664.0,25000.0,12500.0,0.0,0.0,0.5,0.0,1.0
1.0,84.0,2.0,2.0,2.0,urban,0.0,10000.0,5000.0,0.0,0.0,0.5,0.0,0.0
0.0,66.0,8.0,8.0,8.0,urban,100000.0,100000.0,50000.0,0.0,0.0,0.5,0.0,1.0
1.0,84.0,2.0,1.0,2.0,urban,0.0,100000.0,50000.0,0.0,0.0,0.5,0.0,0.0
0.0,85.0,11.0,2.0,11.0,urban,0.0,100000.0,85000.0,0.0,0.0,0.85,0.0,0.0
1.0,57.0,1.0,0.0,1.0,urban,5000.0,5000.0,2500.0,1.0,0.0,0.5,0.0,1.0
0.0,84.0,1.0,0.0,1.0,urban,5000.0,5000.0,2500.0,1.0,0.0,0.5,0.0,1.0
1.0,59.0,4.0,0.0,4.0,urban,100000.0,100000.0,50000.0,0.0,0.0,0.5,0.0,1.0
1.0,84.0,1.0,0.0,1.0,urban,0.0,26000.0,13000.0,0.0,0.0,0.5,0.0,0.0
1.0,55.0,10.0,3.0,10.0,rural,16619.0,30000.0,15000.0,0.0,0.0,0.5,0.0,1.0
1.0,276.0,3.0,0.0,3.0,urban,1058672.0,1944300.0,1458225.0,0.0,1.0,0.75,0.0,1.0
0.0,120.0,3.0,0.0,3.0,urban,0.0,450000.0,337500.0,0.0,0.0,0.75,0.0,0.0
1.0,54.0,1.0,0.0,1.0,urban,43000.0,45000.0,22500.0,0.0,0.0,0.5,0.0,1.0
0.0,51.0,5.0,0.0,5.0,urban,35000.0,35000.0,17500.0,0.0,0.0,0.5,0.0,1.0
1.0,57.0,1.0,0.0,1.0,urban,24850.0,25000.0,12500.0,0.0,0.0,0.5,0.0,1.0
0.0,120.0,2.0,0.0,2.0,urban,0.0,148000.0,125800.0,1.0,0.0,0.85,0.0,0.0
1.0,46.0,1.0,1.0,1.0,rural,49395.0,50000.0,25000.0,0.0,0.0,0.5,0.0,1.0
0.0,45.0,0.0,0.0,0.0,urban,7209.0,10000.0,8500.0,1.0,0.0,0.85,0.0,1.0
1.0,84.0,2.0,0.0,2.0,urban,0.0,50000.0,25000.0,0.0,0.0,0.5,0.0,0.0
1.0,37.0,1.0,0.0,1.0,urban,8772.0,10000.0,5000.0,0.0,0.0,0.5,0.0,1.0
0.0,63.0,3.0,1.0,4.0,urban,12996.0,15000.0,12750.0,0.0,0.0,0.85,0.0,1.0
1.0,240.0,3.0,2.0,0.0,urban,0.0,1093000.0,1093000.0,0.0,1.0,1.0,0.0,0.0
0.0,84.0,6.0,4.0,6.0,rural,0.0,45000.0,22500.0,0.0,0.0,0.5,0.0,0.0
1.0,58.0,5.0,0.0,5.0,urban,49592.0,50000.0,25000.0,0.0,0.0,0.5,0.0,1.0
1.0,67.0,2.0,0.0,2.0,urban,28276.0,35000.0,17500.0,0.0,0.0,0.5,0.0,1.0
1.0,53.0,2.0,1.0,2.0,urban,22174.0,25000.0,12500.0,0.0,0.0,0.5,0.0,1.0
1.0,42.0,8.0,0.0,8.0,urban,9950.0,10000.0,5000.0,0.0,0.0,0.5,0.0,1.0
0.0,68.0,1.0,0.0,1.0,urban,29156.0,30000.0,15000.0,0.0,0.0,0.5,0.0,1.0
1.0,85.0,1.0,1.0,1.0,urban,0.0,277000.0,207750.0,1.0,0.0,0.75,0.0,0.0
0.0,99.0,1.0,1.0,1.0,urban,46930.0,50000.0,42500.0,0.0,0.0,0.85,0.0,1.0
0.0,0.0,8.0,0.0,8.0,urban,89313.0,90000.0,45000.0,0.0,0.0,0.5,0.0,1.0
1.0,66.0,1.0,1.0,1.0,urban,27750.0,30000.0,15000.0,0.0,0.0,0.5,0.0,1.0
1.0,88.0,5.0,1.0,5.0,urban,22759.0,25000.0,21250.0,1.0,0.0,0.85,0.0,1.0
1.0,84.0,3.0,0.0,3.0,urban,0.0,25000.0,12500.0,0.0,0.0,0.5,0.0,0.0
0.0,84.0,6.0,0.0,6.0,urban,0.0,5000.0,2500.0,0.0,0.0,0.5,0.0,0.0
1.0,36.0,17.0,0.0,17.0,urban,0.0,50000.0,42500.0,0.0,0.0,0.85,0.0,0.0
0.0,283.0,1.0,0.0,1.0,urban,205967.0,373100.0,279825.0,0.0,1.0,0.75,0.0,1.0
0.0,240.0,42.0,18.0,0.0,rural,0.0,585000.0,585000.0,0.0,1.0,1.0,0.0,0.0
1.0,84.0,1.0,1.0,1.0,urban,0.0,20000.0,10000.0,1.0,0.0,0.5,0.0,0.0
1.0,240.0,113.0,8.0,0.0,urban,0.0,1025000.0,1025000.0,0.0,1.0,1.0,0.0,0.0
0.0,84.0,32.0,0.0,32.0,urban,0.0,50000.0,25000.0,0.0,0.0,0.5,0.0,0.0
0.0,37.0,1.0,0.0,1.0,urban,35566.0,37000.0,18500.0,1.0,0.0,0.5,0.0,1.0
1.0,84.0,3.0,0.0,3.0,urban,0.0,40000.0,20000.0,0.0,0.0,0.5,0.0,0.0
1.0,58.0,2.0,4.0,2.0,urban,49965.0,50000.0,25000.0,0.0,0.0,0.5,0.0,1.0
0.0,64.0,2.0,0.0,2.0,urban,34173.0,35000.0,17500.0,0.0,0.0,0.5,0.0,1.0
1.0,9.0,2.0,2.0,2.0,urban,49803.0,50000.0,25000.0,0.0,0.0,0.5,1.0,1.0
1.0,67.0,8.0,0.0,8.0,urban,14999.0,15000.0,7500.0,1.0,0.0,0.5,0.0,1.0
0.0,30.0,6.0,6.0,6.0,urban,59743.0,60000.0,30000.0,1.0,0.0,0.5,0.0,1.0
0.0,34.0,1.0,2.0,1.0,urban,42787.0,50000.0,25000.0,0.0,0.0,0.5,0.0,1.0
0.0,84.0,1.0,0.0,1.0,urban,0.0,27000.0,13500.0,0.0,0.0,0.5,0.0,0.0
0.0,84.0,5.0,0.0,5.0,urban,0.0,20000.0,10000.0,0.0,0.0,0.5,0.0,0.0
1.0,54.0,17.0,0.0,17.0,urban,37875.0,50000.0,25000.0,0.0,0.0,0.5,0.0,1.0
0.0,57.0,2.0,0.0,2.0,urban,2415.0,5000.0,2500.0,0.0,0.0,0.5,0.0,1.0
0.0,64.0,1.0,0.0,0.0,urban,10000.0,20000.0,10000.0,0.0,0.0,0.5,0.0,1.0
1.0,34.0,2.0,2.0,2.0,urban,105173.0,156000.0,78000.0,0.0,0.0,0.5,0.0,1.0
0.0,36.0,1.0,0.0,1.0,urban,12562.0,17000.0,8500.0,0.0,0.0,0.5,0.0,1.0
1.0,60.0,1.0,0.0,1.0,urban,44942.0,50000.0,25000.0,0.0,0.0,0.5,0.0,1.0
0.0,109.0,3.0,4.0,3.0,urban,12055.0,12500.0,10625.0,0.0,0.0,0.85,0.0,0.0
1.0,84.0,1.0,0.0,0.0,urban,0.0,15000.0,7500.0,1.0,0.0,0.5,0.0,0.0
1.0,56.0,6.0,0.0,0.0,urban,9948.0,10000.0,5000.0,0.0,0.0,0.5,0.0,1.0
1.0,64.0,4.0,0.0,4.0,urban,30000.0,30000.0,15000.0,0.0,0.0,0.5,0.0,1.0
1.0,259.0,22.0,6.0,22.0,urban,348248.0,542200.0,406650.0,0.0,1.0,0.75,0.0,1.0
1.0,240.0,4.0,2.0,0.0,urban,0.0,425000.0,425000.0,1.0,1.0,1.0,0.0,0.0
1.0,84.0,5.0,0.0,5.0,urban,0.0,150000.0,75000.0,1.0,0.0,0.5,0.0,0.0
1.0,65.0,1.0,0.0,1.0,urban,45867.0,50000.0,25000.0,0.0,0.0,0.5,0.0,1.0
0.0,55.0,4.0,0.0,4.0,urban,35000.0,35000.0,17500.0,0.0,0.0,0.5,0.0,1.0
1.0,59.0,12.0,0.0,12.0,urban,98005.0,100000.0,50000.0,0.0,0.0,0.5,0.0,1.0
1.0,62.0,1.0,0.0,1.0,urban,36988.0,37000.0,18500.0,0.0,0.0,0.5,0.0,1.0
1.0,3.0,8.0,0.0,8.0,urban,49809.0,50000.0,25000.0,0.0,0.0,0.5,1.0,1.0
0.0,84.0,8.0,0.0,8.0,urban,0.0,10000.0,5000.0,0.0,0.0,0.5,0.0,0.0
0.0,60.0,8.0,7.0,8.0,urban,34567.0,35000.0,17500.0,0.0,0.0,0.5,0.0,1.0
0.0,52.0,2.0,0.0,0.0,urban,14840.0,15000.0,7500.0,0.0,0.0,0.5,0.0,1.0
0.0,60.0,3.0,0.0,3.0,urban,0.0,20000.0,10000.0,0.0,0.0,0.5,0.0,0.0
0.0,69.0,1.0,0.0,1.0,rural,49077.0,50000.0,25000.0,0.0,0.0,0.5,0.0,1.0
0.0,120.0,24.0,0.0,24.0,urban,0.0,866900.0,650175.0,0.0,0.0,0.75,0.0,0.0
0.0,59.0,1.0,0.0,0.0,urban,20465.0,25000.0,21250.0,0.0,0.0,0.85,0.0,1.0
0.0,84.0,1.0,1.0,2.0,urban,0.0,10000.0,5000.0,0.0,0.0,0.5,0.0,0.0
1.0,84.0,2.0,0.0,2.0,urban,0.0,50000.0,25000.0,0.0,0.0,0.5,0.0,0.0
1.0,54.0,12.0,12.0,12.0,urban,26059.0,35000.0,17500.0,0.0,0.0,0.5,0.0,1.0
0.0,16.0,2.0,0.0,0.0,urban,4997.0,25000.0,12500.0,0.0,0.0,0.5,1.0,1.0
1.0,51.0,1.0,0.0,1.0,urban,33668.0,35000.0,17500.0,0.0,0.0,0.5,0.0,1.0
1.0,72.0,2.0,0.0,2.0,urban,20000.0,20000.0,10000.0,0.0,0.0,0.5,0.0,1.0
0.0,240.0,1.0,4.0,0.0,urban,0.0,291000.0,291000.0,0.0,1.0,1.0,0.0,0.0
1.0,36.0,1.0,0.0,1.0,urban,0.0,25000.0,12500.0,0.0,0.0,0.5,0.0,0.0
0.0,66.0,1.0,0.0,0.0,urban,28020.0,30000.0,15000.0,1.0,0.0,0.5,0.0,1.0
0.0,110.0,1.0,0.0,1.0,urban,24417.0,25000.0,21250.0,0.0,0.0,0.85,0.0,1.0
0.0,36.0,3.0,0.0,0.0,urban,0.0,25000.0,12500.0,0.0,0.0,0.5,0.0,0.0
1.0,73.0,3.0,100.0,3.0,urban,33050.0,50000.0,25000.0,0.0,0.0,0.5,0.0,1.0
1.0,69.0,3.0,2.0,3.0,urban,48978.0,50000.0,25000.0,0.0,0.0,0.5,0.0,1.0
0.0,39.0,1.0,1.0,1.0,urban,8909.0,15000.0,12750.0,0.0,0.0,0.85,0.0,1.0
1.0,68.0,3.0,0.0,3.0,rural,14659.0,15000.0,7500.0,0.0,0.0,0.5,0.0,0.0
1.0,84.0,3.0,1.0,3.0,urban,0.0,12700.0,6350.0,0.0,0.0,0.5,0.0,0.0
1.0,58.0,3.0,0.0,3.0,urban,49503.0,50000.0,25000.0,0.0,0.0,0.5,0.0,1.0
0.0,84.0,35.0,0.0,35.0,urban,0.0,10000.0,5000.0,1.0,0.0,0.5,0.0,0.0
1.0,84.0,3.0,0.0,3.0,urban,0.0,15000.0,7500.0,0.0,0.0,0.5,0.0,0.0
0.0,84.0,3.0,0.0,3.0,urban,0.0,20000.0,10000.0,1.0,0.0,0.5,0.0,0.0
0.0,43.0,3.0,2.0,3.0,urban,24634.0,30000.0,15000.0,0.0,0.0,0.5,0.0,1.0
1.0,240.0,3.0,1.0,0.0,urban,0.0,281000.0,281000.0,0.0,1.0,1.0,0.0,0.0
1.0,28.0,6.0,2.0,8.0,urban,8702.0,20000.0,10000.0,0.0,0.0,0.5,0.0,0.0
0.0,240.0,2.0,4.0,0.0,urban,0.0,268000.0,268000.0,0.0,1.0,1.0,0.0,0.0
1.0,60.0,2.0,0.0,2.0,urban,0.0,25000.0,12500.0,0.0,0.0,0.5,0.0,0.0
0.0,57.0,2.0,0.0,2.0,urban,24780.0,30000.0,15000.0,0.0,0.0,0.5,0.0,1.0
1.0,68.0,4.0,2.0,4.0,urban,94617.0,100000.0,50000.0,0.0,0.0,0.5,0.0,1.0
1.0,65.0,1.0,0.0,0.0,urban,31159.0,35000.0,29750.0,0.0,0.0,0.85,0.0,1.0
0.0,47.0,1.0,2.0,1.0,urban,18075.0,25000.0,21250.0,0.0,0.0,0.85,0.0,1.0
0.0,84.0,1.0,1.0,1.0,urban,4023.0,5000.0,4250.0,0.0,0.0,0.85,0.0,1.0
1.0,240.0,10.0,5.0,10.0,urban,0.0,1799000.0,1799000.0,0.0,1.0,1.0,0.0,0.0
1.0,84.0,7.0,2.0,9.0,urban,0.0,20000.0,10000.0,0.0,0.0,0.5,0.0,0.0
1.0,53.0,22.0,0.0,22.0,urban,49936.0,50000.0,25000.0,0.0,0.0,0.5,0.0,1.0
0.0,48.0,1.0,0.0,1.0,urban,0.0,30000.0,15000.0,1.0,0.0,0.5,0.0,0.0
1.0,29.0,1.0,0.0,1.0,urban,18094.0,20000.0,10000.0,0.0,0.0,0.5,0.0,1.0
0.0,70.0,0.0,0.0,0.0,urban,23372.0,25000.0,21250.0,0.0,0.0,0.85,0.0,1.0
1.0,57.0,12.0,0.0,12.0,urban,50000.0,50000.0,25000.0,0.0,0.0,0.5,0.0,1.0
1.0,51.0,2.0,0.0,2.0,urban,9231.0,10000.0,5000.0,1.0,0.0,0.5,0.0,1.0
1.0,75.0,6.0,1.0,6.0,urban,48660.0,50000.0,25000.0,0.0,0.0,0.5,0.0,1.0
0.0,49.0,6.0,1.0,6.0,urban,46622.0,50000.0,25000.0,0.0,0.0,0.5,0.0,1.0
0.0,300.0,12.0,12.0,0.0,urban,0.0,1048000.0,786000.0,0.0,1.0,0.75,0.0,0.0
0.0,39.0,6.0,0.0,6.0,urban,47161.0,50000.0,25000.0,0.0,0.0,0.5,0.0,1.0
1.0,84.0,2.0,1.0,2.0,urban,0.0,5000.0,2500.0,1.0,0.0,0.5,0.0,0.0
1.0,84.0,4.0,0.0,4.0,urban,0.0,30000.0,15000.0,0.0,0.0,0.5,0.0,0.0
1.0,60.0,2.0,0.0,2.0,urban,0.0,22000.0,11000.0,0.0,0.0,0.5,0.0,0.0
1.0,54.0,2.0,0.0,2.0,urban,20012.0,35000.0,17500.0,0.0,0.0,0.5,0.0,1.0
0.0,84.0,4.0,1.0,4.0,urban,0.0,50000.0,25000.0,1.0,0.0,0.5,0.0,0.0
0.0,44.0,5.0,0.0,5.0,urban,47529.0,50000.0,25000.0,0.0,0.0,0.5,0.0,1.0
1.0,84.0,1.0,4.0,1.0,urban,0.0,30000.0,15000.0,0.0,0.0,0.5,0.0,0.0
0.0,27.0,4.0,0.0,4.0,urban,28672.0,35000.0,29750.0,0.0,0.0,0.85,0.0,1.0
0.0,72.0,2.0,0.0,2.0,urban,29242.0,30000.0,15000.0,0.0,0.0,0.5,0.0,1.0
0.0,264.0,25.0,5.0,20.0,urban,0.0,1596200.0,1197150.0,0.0,1.0,0.75,0.0,0.0
0.0,48.0,15.0,0.0,15.0,urban,23333.0,25000.0,12500.0,0.0,0.0,0.5,0.0,1.0
0.0,84.0,3.0,5.0,3.0,urban,0.0,40000.0,20000.0,0.0,0.0,0.5,0.0,0.0
1.0,72.0,1.0,0.0,1.0,urban,47462.0,50000.0,25000.0,0.0,0.0,0.5,0.0,1.0
1.0,84.0,8.0,0.0,8.0,urban,0.0,20000.0,10000.0,0.0,0.0,0.5,0.0,0.0
0.0,50.0,5.0,0.0,5.0,urban,22863.0,30000.0,15000.0,0.0,0.0,0.5,0.0,1.0
1.0,240.0,4.0,5.0,4.0,urban,0.0,268000.0,268000.0,0.0,1.0,1.0,0.0,0.0
1.0,84.0,1.0,0.0,1.0,urban,0.0,50000.0,25000.0,0.0,0.0,0.5,0.0,0.0
0.0,56.0,1.0,0.0,1.0,urban,15000.0,15000.0,7500.0,1.0,0.0,0.5,0.0,1.0
0.0,54.0,1.0,3.0,1.0,urban,16343.0,19000.0,9500.0,0.0,0.0,0.5,0.0,1.0
0.0,63.0,2.0,0.0,2.0,urban,50000.0,50000.0,25000.0,0.0,0.0,0.5,0.0,1.0
0.0,51.0,1.0,2.0,3.0,urban,21268.0,25000.0,12500.0,0.0,0.0,0.5,0.0,1.0
1.0,55.0,1.0,3.0,3.0,unknown,117631.0,150000.0,127500.0,1.0,0.0,0.85,0.0,1.0
1.0,84.0,2.0,0.0,2.0,urban,0.0,40000.0,20000.0,0.0,0.0,0.5,0.0,0.0
1.0,240.0,3.0,1.0,0.0,urban,0.0,318000.0,318000.0,0.0,1.0,1.0,0.0,0.0
0.0,240.0,12.0,15.0,0.0,urban,0.0,1655000.0,1655000.0,0.0,1.0,1.0,0.0,0.0
0.0,89.0,4.0,1.0,4.0,urban,8828.0,10000.0,8500.0,1.0,0.0,0.85,0.0,1.0
1.0,48.0,7.0,0.0,7.0,urban,36524.0,50000.0,42500.0,0.0,0.0,0.85,0.0,1.0
0.0,60.0,4.0,4.0,4.0,urban,0.0,50000.0,25000.0,0.0,0.0,0.5,0.0,0.0
1.0,240.0,50.0,50.0,0.0,urban,0.0,1583000.0,1583000.0,0.0,1.0,1.0,0.0,0.0
0.0,84.0,4.0,0.0,4.0,urban,0.0,10000.0,5000.0,0.0,0.0,0.5,0.0,0.0
1.0,70.0,2.0,1.0,2.0,urban,47461.0,50000.0,25000.0,0.0,0.0,0.5,0.0,1.0
0.0,84.0,2.0,0.0,2.0,urban,0.0,12000.0,6000.0,0.0,0.0,0.5,0.0,0.0
0.0,51.0,4.0,0.0,4.0,urban,29181.0,30000.0,15000.0,0.0,0.0,0.5,0.0,1.0
0.0,12.0,4.0,0.0,4.0,rural,0.0,25000.0,12500.0,1.0,0.0,0.5,1.0,0.0
1.0,53.0,3.0,0.0,3.0,urban,28835.0,30000.0,15000.0,0.0,0.0,0.5,0.0,1.0
0.0,84.0,1.0,0.0,1.0,urban,0.0,50000.0,25000.0,0.0,0.0,0.5,0.0,0.0
0.0,61.0,2.0,3.0,2.0,urban,99000.0,100000.0,50000.0,0.0,0.0,0.5,0.0,1.0
1.0,84.0,20.0,0.0,20.0,urban,0.0,50000.0,25000.0,0.0,0.0,0.5,0.0,0.0
1.0,240.0,3.0,4.0,0.0,urban,0.0,675000.0,675000.0,0.0,1.0,1.0,0.0,0.0
0.0,84.0,3.0,2.0,5.0,urban,0.0,50000.0,25000.0,0.0,0.0,0.5,0.0,0.0
0.0,59.0,5.0,0.0,5.0,urban,49915.0,50000.0,25000.0,0.0,0.0,0.5,0.0,1.0
0.0,25.0,3.0,1.0,4.0,urban,28821.0,50000.0,25000.0,0.0,0.0,0.5,0.0,1.0
0.0,25.0,1.0,0.0,1.0,urban,9481.0,20000.0,17000.0,1.0,0.0,0.85,0.0,1.0
1.0,62.0,3.0,0.0,3.0,urban,10000.0,10000.0,5000.0,1.0,0.0,0.5,0.0,1.0
1.0,240.0,20.0,10.0,0.0,urban,0.0,201000.0,201000.0,0.0,1.0,1.0,0.0,0.0
1.0,84.0,3.0,0.0,3.0,urban,0.0,20000.0,10000.0,0.0,0.0,0.5,0.0,0.0
1.0,115.0,1.0,0.0,1.0,urban,19694.0,20000.0,17000.0,0.0,0.0,0.85,0.0,1.0
1.0,106.0,1.0,1.0,1.0,urban,11739.0,12500.0,10625.0,0.0,0.0,0.85,0.0,1.0
1.0,51.0,1.0,0.0,1.0,rural,16463.0,36000.0,18000.0,0.0,0.0,0.5,0.0,1.0
1.0,120.0,2.0,7.0,2.0,urban,0.0,12500.0,10625.0,1.0,0.0,0.85,0.0,0.0
0.0,84.0,6.0,1.0,6.0,urban,0.0,30000.0,15000.0,0.0,0.0,0.5,0.0,0.0
0.0,240.0,3.0,2.0,3.0,urban,0.0,364000.0,364000.0,0.0,1.0,1.0,0.0,0.0
1.0,84.0,14.0,0.0,14.0,urban,0.0,30000.0,15000.0,0.0,0.0,0.5,0.0,0.0
0.0,66.0,2.0,35.0,2.0,rural,22050.0,24000.0,12000.0,0.0,0.0,0.5,0.0,1.0
0.0,240.0,18.0,1.0,0.0,urban,0.0,365000.0,365000.0,0.0,1.0,1.0,0.0,0.0
1.0,35.0,4.0,0.0,4.0,urban,27181.0,30000.0,15000.0,0.0,0.0,0.5,0.0,1.0
1.0,37.0,2.0,2.0,2.0,urban,12035.0,20000.0,17000.0,0.0,0.0,0.85,0.0,1.0
0.0,84.0,15.0,2.0,2.0,urban,0.0,5000.0,2500.0,0.0,0.0,0.5,0.0,0.0
0.0,120.0,15.0,2.0,2.0,urban,0.0,910000.0,682500.0,0.0,0.0,0.75,0.0,0.0
0.0,84.0,3.0,3.0,6.0,urban,0.0,50000.0,25000.0,0.0,0.0,0.5,0.0,0.0
0.0,63.0,1.0,2.0,1.0,urban,22206.0,25000.0,21250.0,1.0,0.0,0.85,0.0,1.0
1.0,240.0,5.0,1.0,5.0,urban,0.0,165000.0,165000.0,0.0,1.0,1.0,0.0,0.0
1.0,114.0,2.0,1.0,2.0,urban,9932.0,10000.0,8500.0,0.0,0.0,0.85,0.0,0.0
0.0,120.0,5.0,0.0,5.0,urban,0.0,575000.0,431250.0,0.0,0.0,0.75,0.0,0.0
1.0,84.0,5.0,0.0,5.0,urban,0.0,100000.0,50000.0,0.0,0.0,0.5,0.0,0.0
1.0,240.0,3.0,1.0,3.0,urban,0.0,296000.0,296000.0,0.0,1.0,1.0,0.0,0.0
0.0,84.0,2.0,0.0,2.0,urban,0.0,308500.0,231375.0,1.0,0.0,0.75,0.0,0.0
1.0,55.0,2.0,1.0,2.0,urban,4149.0,5000.0,4250.0,0.0,0.0,0.85,0.0,1.0
1.0,240.0,4.0,8.0,4.0,urban,0.0,820000.0,820000.0,0.0,1.0,1.0,0.0,0.0
0.0,93.0,49.0,0.0,20.0,urban,135645.0,150000.0,127500.0,0.0,0.0,0.85,0.0,1.0
1.0,143.0,20.0,10.0,20.0,urban,0.0,639400.0,479550.0,0.0,0.0,0.75,0.0,0.0
1.0,102.0,12.0,0.0,12.0,urban,573429.0,1375000.0,1031250.0,0.0,0.0,0.75,0.0,1.0
0.0,240.0,20.0,10.0,20.0,urban,0.0,1682000.0,1682000.0,0.0,1.0,1.0,0.0,0.0
1.0,240.0,5.0,1.0,5.0,urban,0.0,658000.0,658000.0,0.0,1.0,1.0,0.0,0.0
1.0,120.0,12.0,0.0,12.0,urban,0.0,750000.0,562500.0,0.0,0.0,0.75,0.0,0.0
0.0,36.0,15.0,0.0,15.0,rural,0.0,50000.0,25000.0,0.0,0.0,0.5,0.0,0.0
0.0,46.0,7.0,2.0,2.0,urban,92701.0,100000.0,50000.0,0.0,0.0,0.5,0.0,1.0
1.0,84.0,1.0,0.0,1.0,urban,0.0,25000.0,12500.0,0.0,0.0,0.5,0.0,0.0
0.0,63.0,2.0,0.0,2.0,urban,21398.0,25000.0,12500.0,0.0,0.0,0.5,0.0,1.0
0.0,120.0,2.0,4.0,2.0,urban,0.0,10000.0,8500.0,1.0,0.0,0.85,0.0,0.0
1.0,108.0,20.0,0.0,20.0,urban,0.0,2000000.0,1500000.0,0.0,0.0,0.75,0.0,0.0
0.0,60.0,1.0,3.0,2.0,urban,0.0,130000.0,65000.0,1.0,0.0,0.5,0.0,0.0
1.0,92.0,2.0,2.0,2.0,urban,6525.0,7500.0,6375.0,0.0,0.0,0.85,0.0,1.0
1.0,84.0,9.0,2.0,7.0,urban,0.0,460000.0,345000.0,0.0,0.0,0.75,0.0,0.0
1.0,82.0,1.0,0.0,1.0,urban,5833.0,7500.0,6375.0,0.0,0.0,0.85,0.0,1.0
0.0,120.0,3.0,0.0,3.0,urban,0.0,5000.0,4250.0,0.0,0.0,0.85,0.0,0.0
1.0,289.0,1.0,1.0,1.0,urban,237180.0,479000.0,359250.0,0.0,1.0,0.75,0.0,1.0
1.0,73.0,2.0,0.0,2.0,urban,23426.0,25000.0,21250.0,0.0,0.0,0.85,0.0,1.0
0.0,84.0,2.0,1.0,2.0,urban,0.0,25000.0,21250.0,0.0,0.0,0.85,0.0,0.0
1.0,56.0,1.0,0.0,1.0,urban,9733.0,10000.0,5000.0,0.0,0.0,0.5,0.0,1.0
0.0,110.0,2.0,2.0,2.0,urban,9645.0,10000.0,8500.0,0.0,0.0,0.85,0.0,1.0
1.0,300.0,9.0,9.0,0.0,urban,0.0,712700.0,534525.0,0.0,1.0,0.75,0.0,0.0
0.0,99.0,2.0,0.0,2.0,urban,8933.0,10000.0,9000.0,1.0,0.0,0.9,0.0,1.0
0.0,240.0,1.0,1.0,0.0,urban,0.0,215000.0,215000.0,0.0,1.0,1.0,0.0,0.0
1.0,300.0,1.0,1.0,1.0,urban,0.0,1665000.0,1498500.0,0.0,1.0,0.9,0.0,0.0
0.0,300.0,4.0,0.0,4.0,urban,0.0,285000.0,256500.0,0.0,1.0,0.9,0.0,0.0
1.0,90.0,2.0,0.0,2.0,urban,0.0,243000.0,218700.0,0.0,0.0,0.9,0.0,0.0
1.0,84.0,15.0,3.0,18.0,urban,0.0,250000.0,125000.0,0.0,0.0,0.5,0.0,0.0
1.0,84.0,5.0,0.0,5.0,rural,0.0,50000.0,25000.0,0.0,0.0,0.5,0.0,0.0
0.0,46.0,3.0,3.0,3.0,rural,183645.0,200000.0,100000.0,0.0,0.0,0.5,0.0,1.0
1.0,99.0,7.0,5.0,7.0,urban,6706.0,7500.0,6750.0,1.0,0.0,0.9,0.0,1.0
0.0,120.0,24.0,24.0,24.0,urban,0.0,936000.0,842400.0,0.0,0.0,0.9,0.0,0.0
0.0,92.0,40.0,10.0,30.0,urban,211800.0,235000.0,176250.0,0.0,0.0,0.75,0.0,1.0
1.0,64.0,1.0,0.0,1.0,urban,22990.0,25000.0,22500.0,0.0,0.0,0.9,0.0,1.0
0.0,240.0,4.0,6.0,0.0,urban,0.0,803000.0,803000.0,0.0,1.0,1.0,0.0,0.0
1.0,84.0,7.0,0.0,7.0,rural,0.0,30000.0,15000.0,0.0,0.0,0.5,0.0,0.0
1.0,84.0,1.0,2.0,3.0,urban,0.0,50000.0,25000.0,0.0,0.0,0.5,0.0,0.0
1.0,102.0,2.0,1.0,2.0,urban,9057.0,10000.0,9000.0,0.0,0.0,0.9,0.0,1.0
1.0,120.0,2.0,5.0,2.0,urban,0.0,10000.0,9000.0,1.0,0.0,0.9,0.0,0.0
0.0,94.0,2.0,4.0,2.0,urban,398632.0,435000.0,391500.0,0.0,0.0,0.9,0.0,1.0
0.0,120.0,23.0,0.0,22.0,urban,0.0,1500000.0,1350000.0,0.0,0.0,0.9,0.0,0.0
0.0,109.0,1.0,0.0,1.0,urban,7277.0,7500.0,6750.0,0.0,0.0,0.9,0.0,1.0
0.0,84.0,3.0,0.0,3.0,urban,0.0,25000.0,22500.0,0.0,0.0,0.9,0.0,0.0
1.0,84.0,4.0,1.0,4.0,urban,0.0,200000.0,150000.0,0.0,0.0,0.75,0.0,0.0
1.0,300.0,8.0,2.0,8.0,urban,0.0,1556000.0,1400400.0,0.0,1.0,0.9,0.0,0.0
1.0,120.0,36.0,4.0,0.0,urban,0.0,504000.0,453600.0,0.0,0.0,0.9,0.0,0.0
1.0,300.0,4.0,0.0,4.0,urban,0.0,900000.0,810000.0,0.0,1.0,0.9,0.0,0.0
0.0,300.0,5.0,2.0,7.0,urban,0.0,580000.0,522000.0,0.0,1.0,0.9,0.0,0.0
0.0,300.0,2.0,2.0,2.0,urban,0.0,446800.0,402120.0,1.0,1.0,0.9,0.0,0.0
0.0,300.0,1.0,9.0,0.0,urban,0.0,632100.0,568890.0,1.0,1.0,0.9,0.0,0.0
0.0,300.0,12.0,0.0,12.0,urban,0.0,1177500.0,1059750.0,0.0,1.0,0.9,0.0,0.0
0.0,92.0,1.0,1.0,1.0,urban,4331.0,5000.0,4500.0,1.0,0.0,0.9,0.0,1.0
0.0,300.0,32.0,0.0,32.0,urban,0.0,2000000.0,1500000.0,0.0,1.0,0.75,0.0,0.0
1.0,300.0,3.0,0.0,3.0,urban,0.0,1150000.0,1035000.0,0.0,1.0,0.9,0.0,0.0
1.0,300.0,2.0,0.0,2.0,rural,0.0,300000.0,225000.0,0.0,1.0,0.75,0.0,0.0
1.0,84.0,5.0,0.0,5.0,urban,0.0,25000.0,12500.0,0.0,0.0,0.5,0.0,0.0
1.0,84.0,20.0,2.0,20.0,urban,0.0,450000.0,405000.0,0.0,0.0,0.9,0.0,0.0
1.0,91.0,0.0,2.0,0.0,rural,96262.0,100000.0,90000.0,0.0,0.0,0.9,0.0,1.0
1.0,240.0,15.0,0.0,15.0,urban,0.0,327000.0,294300.0,0.0,1.0,0.9,0.0,0.0
1.0,110.0,4.0,0.0,4.0,rural,191431.0,200000.0,180000.0,0.0,0.0,0.9,0.0,1.0
1.0,300.0,3.0,0.0,3.0,urban,0.0,618000.0,556200.0,0.0,1.0,0.9,0.0,0.0
1.0,60.0,13.0,8.0,5.0,urban,0.0,100000.0,50000.0,0.0,0.0,0.5,0.0,0.0
0.0,300.0,10.0,0.0,10.0,urban,0.0,225000.0,202500.0,0.0,1.0,0.9,0.0,0.0
1.0,120.0,150.0,0.0,150.0,urban,0.0,1665000.0,1498500.0,1.0,0.0,0.9,0.0,0.0
1.0,300.0,3.0,0.0,3.0,urban,0.0,250000.0,225000.0,0.0,1.0,0.9,0.0,0.0
0.0,84.0,4.0,2.0,4.0,urban,0.0,35000.0,31500.0,0.0,0.0,0.9,0.0,0.0
0.0,59.0,2.0,5.0,2.0,urban,33862.0,35000.0,17500.0,0.0,0.0,0.5,0.0,1.0
0.0,99.0,3.0,4.0,3.0,urban,9090.0,10000.0,9000.0,0.0,0.0,0.9,0.0,1.0
1.0,84.0,2.0,0.0,2.0,urban,0.0,50300.0,25150.0,0.0,0.0,0.5,0.0,0.0
1.0,240.0,14.0,8.0,0.0,urban,0.0,215000.0,215000.0,0.0,1.0,1.0,0.0,0.0
0.0,84.0,1.0,0.0,1.0,urban,0.0,135000.0,121500.0,0.0,0.0,0.9,0.0,0.0
1.0,85.0,2.0,2.0,2.0,urban,4146.0,5000.0,4500.0,1.0,0.0,0.9,0.0,0.0
1.0,84.0,14.0,20.0,34.0,urban,0.0,50000.0,25000.0,1.0,0.0,0.5,0.0,0.0
0.0,104.0,4.0,0.0,4.0,urban,13800.0,15000.0,12750.0,0.0,0.0,0.85,0.0,1.0
0.0,84.0,1.0,0.0,1.0,urban,0.0,20000.0,10000.0,0.0,0.0,0.5,0.0,0.0
0.0,84.0,1.0,1.0,1.0,urban,0.0,24700.0,12350.0,1.0,0.0,0.5,0.0,0.0
0.0,84.0,2.0,1.0,2.0,urban,0.0,10000.0,5000.0,0.0,0.0,0.5,0.0,0.0
1.0,84.0,3.0,1.0,3.0,urban,0.0,205000.0,153750.0,0.0,0.0,0.75,0.0,0.0
0.0,84.0,10.0,0.0,10.0,urban,0.0,250000.0,125000.0,0.0,0.0,0.5,0.0,0.0
0.0,240.0,1.0,7.0,0.0,urban,0.0,452000.0,452000.0,0.0,1.0,1.0,0.0,0.0
0.0,120.0,1.0,1.0,1.0,rural,0.0,55000.0,46750.0,0.0,0.0,0.85,0.0,0.0
1.0,84.0,24.0,0.0,24.0,urban,0.0,495000.0,445500.0,0.0,0.0,0.9,0.0,0.0
0.0,300.0,6.0,0.0,6.0,urban,0.0,551000.0,495900.0,0.0,1.0,0.9,0.0,0.0
0.0,300.0,14.0,0.0,14.0,urban,0.0,510000.0,459000.0,0.0,1.0,0.9,0.0,0.0
0.0,120.0,1.0,0.0,1.0,rural,0.0,500000.0,450000.0,0.0,0.0,0.9,0.0,0.0
0.0,84.0,1.0,0.0,1.0,urban,0.0,150000.0,135000.0,0.0,0.0,0.9,0.0,0.0
1.0,300.0,1.0,0.0,1.0,urban,0.0,512000.0,460800.0,0.0,1.0,0.9,0.0,0.0
1.0,84.0,2.0,0.0,2.0,rural,0.0,10000.0,5000.0,0.0,0.0,0.5,0.0,0.0
1.0,120.0,3.0,0.0,3.0,urban,0.0,90000.0,81000.0,1.0,0.0,0.9,0.0,0.0
1.0,300.0,40.0,0.0,40.0,urban,0.0,271800.0,244620.0,0.0,1.0,0.9,0.0,0.0
0.0,14.0,7.0,0.0,8.0,rural,0.0,200000.0,100000.0,0.0,0.0,0.5,0.0,0.0
0.0,300.0,6.0,6.0,12.0,urban,0.0,2350000.0,2115000.0,0.0,1.0,0.9,0.0,0.0
1.0,63.0,1.0,3.0,4.0,urban,23246.0,25000.0,12500.0,0.0,0.0,0.5,0.0,1.0
0.0,84.0,1.0,0.0,0.0,urban,0.0,10000.0,5000.0,0.0,0.0,0.5,0.0,0.0
0.0,240.0,11.0,5.0,0.0,urban,0.0,330000.0,330000.0,0.0,1.0,1.0,0.0,0.0
1.0,260.0,2.0,2.0,4.0,urban,451002.0,1073000.0,804750.0,1.0,1.0,0.75,0.0,1.0
1.0,300.0,8.0,0.0,8.0,urban,0.0,820000.0,615000.0,0.0,1.0,0.75,0.0,0.0
0.0,240.0,88.0,50.0,88.0,urban,0.0,1046000.0,1046000.0,0.0,1.0,1.0,0.0,0.0
1.0,240.0,15.0,25.0,15.0,urban,0.0,912000.0,912000.0,0.0,1.0,1.0,0.0,0.0
1.0,240.0,5.0,65.0,0.0,urban,0.0,1152000.0,1152000.0,0.0,1.0,1.0,0.0,0.0
0.0,240.0,1.0,20.0,0.0,urban,0.0,271000.0,271000.0,1.0,1.0,1.0,0.0,0.0
0.0,60.0,2.0,0.0,2.0,urban,0.0,80000.0,40000.0,0.0,0.0,0.5,0.0,0.0
0.0,55.0,5.0,0.0,0.0,urban,13635.0,15000.0,7500.0,1.0,0.0,0.5,0.0,1.0
1.0,84.0,5.0,0.0,4.0,urban,35964.0,100000.0,50000.0,0.0,0.0,0.5,0.0,1.0
1.0,84.0,2.0,0.0,2.0,rural,0.0,150000.0,127500.0,0.0,0.0,0.85,0.0,0.0
1.0,240.0,3.0,9.0,0.0,urban,0.0,338000.0,338000.0,0.0,1.0,1.0,0.0,0.0
0.0,240.0,11.0,11.0,11.0,urban,0.0,441000.0,441000.0,0.0,1.0,1.0,0.0,0.0
1.0,84.0,3.0,0.0,3.0,urban,0.0,150000.0,75000.0,0.0,0.0,0.5,0.0,0.0
0.0,30.0,4.0,0.0,4.0,urban,14783.0,15000.0,7500.0,0.0,0.0,0.5,1.0,1.0
1.0,300.0,14.0,0.0,0.0,urban,0.0,502200.0,376650.0,0.0,1.0,0.75,0.0,0.0
1.0,248.0,3.0,0.0,3.0,urban,0.0,370800.0,278100.0,0.0,1.0,0.75,0.0,0.0
0.0,300.0,4.0,0.0,4.0,urban,0.0,697500.0,523125.0,0.0,1.0,0.75,0.0,0.0
1.0,84.0,10.0,0.0,10.0,urban,0.0,15000.0,7500.0,0.0,0.0,0.5,0.0,0.0
1.0,84.0,1.0,1.0,1.0,rural,0.0,30000.0,15000.0,0.0,0.0,0.5,0.0,0.0
0.0,300.0,5.0,0.0,5.0,urban,0.0,832500.0,624375.0,0.0,1.0,0.75,0.0,0.0
1.0,56.0,2.0,1.0,2.0,rural,27829.0,30000.0,15000.0,0.0,0.0,0.5,0.0,1.0
1.0,240.0,9.0,4.0,9.0,urban,0.0,152000.0,152000.0,0.0,1.0,1.0,0.0,0.0
0.0,300.0,1.0,0.0,0.0,urban,0.0,511700.0,383775.0,1.0,1.0,0.75,0.0,0.0
1.0,120.0,3.0,0.0,3.0,urban,0.0,1050000.0,787500.0,0.0,0.0,0.75,0.0,0.0
1.0,84.0,1.0,0.0,1.0,urban,0.0,25000.0,12500.0,1.0,0.0,0.5,0.0,0.0
0.0,60.0,12.0,0.0,12.0,urban,0.0,172500.0,86250.0,0.0,0.0,0.5,0.0,0.0
0.0,38.0,1.0,0.0,1.0,urban,28623.0,30000.0,15000.0,0.0,0.0,0.5,1.0,1.0
1.0,82.0,3.0,3.0,3.0,urban,0.0,78000.0,39000.0,0.0,0.0,0.5,0.0,0.0
0.0,240.0,2.0,2.0,0.0,urban,0.0,134000.0,134000.0,0.0,1.0,1.0,0.0,0.0
1.0,230.0,3.0,2.0,3.0,urban,65519.0,650000.0,487500.0,0.0,0.0,0.75,0.0,1.0
1.0,84.0,10.0,5.0,10.0,urban,0.0,257000.0,192750.0,0.0,0.0,0.75,0.0,0.0
1.0,84.0,3.0,0.0,0.0,urban,0.0,50000.0,25000.0,0.0,0.0,0.5,0.0,0.0
0.0,60.0,1.0,0.0,1.0,urban,0.0,10000.0,5000.0,0.0,0.0,0.5,0.0,0.0
1.0,240.0,20.0,10.0,0.0,urban,0.0,1343000.0,1343000.0,0.0,1.0,1.0,0.0,0.0
0.0,240.0,12.0,1.0,0.0,urban,0.0,541000.0,541000.0,0.0,1.0,1.0,0.0,0.0
0.0,28.0,3.0,1.0,3.0,rural,19891.0,20000.0,10000.0,1.0,0.0,0.5,1.0,1.0
1.0,74.0,7.0,0.0,0.0,urban,161873.0,207000.0,155250.0,1.0,0.0,0.75,0.0,1.0
1.0,180.0,21.0,0.0,21.0,urban,0.0,150000.0,127500.0,0.0,0.0,0.85,0.0,0.0
1.0,240.0,23.0,17.0,0.0,urban,0.0,576000.0,576000.0,0.0,1.0,1.0,0.0,0.0
0.0,60.0,6.0,2.0,8.0,urban,0.0,40000.0,20000.0,0.0,0.0,0.5,0.0,0.0
1.0,84.0,6.0,2.0,8.0,urban,0.0,10000.0,5000.0,0.0,0.0,0.5,0.0,0.0
0.0,53.0,44.0,18.0,44.0,urban,43654.0,50000.0,25000.0,0.0,0.0,0.5,0.0,1.0
0.0,47.0,1.0,0.0,1.0,urban,39944.0,40000.0,20000.0,0.0,0.0,0.5,0.0,1.0
0.0,84.0,1.0,0.0,1.0,urban,0.0,15000.0,12750.0,1.0,0.0,0.85,0.0,0.0
1.0,240.0,4.0,2.0,0.0,urban,0.0,444000.0,444000.0,0.0,1.0,1.0,0.0,0.0
0.0,60.0,2.0,0.0,2.0,urban,0.0,100000.0,50000.0,0.0,0.0,0.5,0.0,0.0
0.0,84.0,10.0,0.0,10.0,urban,0.0,25000.0,12500.0,0.0,0.0,0.5,0.0,0.0
0.0,59.0,8.0,3.0,11.0,urban,800054.0,1000000.0,750000.0,1.0,0.0,0.75,0.0,1.0
0.0,204.0,1.0,3.0,4.0,urban,113898.0,240000.0,180000.0,0.0,0.0,0.75,0.0,1.0
1.0,36.0,5.0,5.0,10.0,urban,44973.0,60000.0,30000.0,0.0,0.0,0.5,1.0,1.0
0.0,240.0,6.0,4.0,6.0,urban,0.0,1435000.0,1435000.0,1.0,1.0,1.0,0.0,0.0
0.0,276.0,10.0,8.0,2.0,urban,0.0,1215000.0,704700.0,0.0,1.0,0.58,0.0,0.0
1.0,80.0,1.0,2.0,3.0,urban,0.0,95000.0,47500.0,0.0,0.0,0.5,0.0,0.0
1.0,60.0,1.0,0.0,1.0,urban,0.0,30000.0,15000.0,0.0,0.0,0.5,0.0,0.0
0.0,240.0,4.0,4.0,0.0,urban,0.0,357000.0,357000.0,0.0,1.0,1.0,0.0,0.0
0.0,48.0,2.0,0.0,2.0,rural,21110.0,23500.0,11750.0,1.0,0.0,0.5,0.0,1.0
0.0,49.0,1.0,4.0,5.0,urban,14840.0,15000.0,7500.0,0.0,0.0,0.5,0.0,1.0
1.0,42.0,1.0,0.0,1.0,urban,21729.0,25000.0,21250.0,0.0,0.0,0.85,0.0,1.0
0.0,84.0,25.0,25.0,25.0,urban,0.0,350000.0,262500.0,0.0,0.0,0.75,0.0,0.0
0.0,84.0,14.0,0.0,14.0,rural,0.0,20000.0,10000.0,0.0,0.0,0.5,0.0,0.0
0.0,84.0,2.0,0.0,2.0,rural,0.0,21000.0,10500.0,0.0,0.0,0.5,0.0,0.0
1.0,45.0,1.0,0.0,1.0,urban,15000.0,15000.0,7500.0,0.0,0.0,0.5,0.0,1.0
1.0,32.0,2.0,0.0,2.0,rural,23594.0,30000.0,15000.0,1.0,0.0,0.5,1.0,1.0
0.0,54.0,2.0,0.0,0.0,urban,9994.0,10000.0,5000.0,1.0,0.0,0.5,0.0,1.0
0.0,84.0,3.0,0.0,3.0,urban,0.0,100000.0,50000.0,0.0,0.0,0.5,0.0,0.0
0.0,84.0,3.0,0.0,3.0,rural,0.0,30000.0,15000.0,0.0,0.0,0.5,0.0,0.0
0.0,240.0,6.0,4.0,6.0,urban,0.0,721000.0,721000.0,0.0,1.0,1.0,0.0,0.0
0.0,240.0,28.0,8.0,28.0,urban,0.0,1029000.0,1029000.0,0.0,1.0,1.0,0.0,0.0
1.0,60.0,5.0,0.0,5.0,urban,0.0,150000.0,75000.0,1.0,0.0,0.5,0.0,0.0
